month,specialty,region,total_waiting,within_18_weeks,over_52_weeks,median_wait_weeks,pct_within_18_weeks
2020-04-01,Orthopaedics,London,1660,1025,197,19.1,61.7
2020-04-01,Orthopaedics,Midlands,1266,743,94,13.3,58.7
2020-04-01,Orthopaedics,North West,3719,3019,47,27.3,81.2
2020-04-01,Orthopaedics,North East,3233,1995,115,12.7,61.7
2020-04-01,Orthopaedics,South East,4917,2717,65,17.5,55.3
2020-04-01,Orthopaedics,South West,3358,2020,170,14.1,60.2
2020-04-01,Orthopaedics,East of England,989,577,95,14.4,58.3
2020-04-01,Cardiology,London,2067,1589,34,19.4,76.9
2020-04-01,Cardiology,Midlands,3688,2117,526,27.2,57.4
2020-04-01,Cardiology,North West,1041,721,12,11.1,69.3
2020-04-01,Cardiology,North East,2278,1767,288,9.8,77.6
2020-04-01,Cardiology,South East,3952,2551,406,12.9,64.5
2020-04-01,Cardiology,South West,4261,2671,381,6.7,62.7
2020-04-01,Cardiology,East of England,961,669,134,22.0,69.6
2020-04-01,Neurology,London,4142,2413,155,7.0,58.3
2020-04-01,Neurology,Midlands,1137,852,104,27.2,74.9
2020-04-01,Neurology,North West,1179,768,60,9.6,65.1
2020-04-01,Neurology,North East,3368,2814,127,6.1,83.6
2020-04-01,Neurology,South East,1191,976,140,7.6,81.9
2020-04-01,Neurology,South West,3078,2434,425,24.7,79.1
2020-04-01,Neurology,East of England,3904,2239,209,13.2,57.4
2020-04-01,Ophthalmology,London,3531,2774,473,16.4,78.6
2020-04-01,Ophthalmology,Midlands,3490,2901,309,23.0,83.1
2020-04-01,Ophthalmology,North West,1670,943,182,8.4,56.5
2020-04-01,Ophthalmology,North East,2284,1426,309,16.5,62.4
2020-04-01,Ophthalmology,South East,4991,4029,147,19.3,80.7
2020-04-01,Ophthalmology,South West,2478,2055,104,7.7,82.9
2020-04-01,Ophthalmology,East of England,2522,2035,336,19.7,80.7
2020-04-01,General Surgery,London,2397,1880,316,23.7,78.4
2020-04-01,General Surgery,Midlands,4427,3117,591,13.1,70.4
2020-04-01,General Surgery,North West,2838,2501,154,8.4,88.1
2020-04-01,General Surgery,North East,2106,1491,262,24.9,70.8
2020-04-01,General Surgery,South East,1509,1115,103,10.9,73.9
2020-04-01,General Surgery,South West,1463,1315,80,17.4,89.9
2020-04-01,General Surgery,East of England,4104,2870,78,11.6,69.9
2020-04-01,Urology,London,2091,1344,166,12.6,64.3
2020-04-01,Urology,Midlands,4496,4132,212,27.5,91.9
2020-04-01,Urology,North West,1654,1080,226,11.3,65.3
2020-04-01,Urology,North East,2507,1794,219,19.0,71.6
2020-04-01,Urology,South East,4310,3585,186,22.0,83.2
2020-04-01,Urology,South West,3127,2263,461,14.8,72.4
2020-04-01,Urology,East of England,4382,2556,556,13.1,58.3
2020-04-01,Gynaecology,London,4197,3388,546,13.2,80.7
2020-04-01,Gynaecology,Midlands,2169,1603,90,20.2,73.9
2020-04-01,Gynaecology,North West,2643,2373,173,17.4,89.8
2020-04-01,Gynaecology,North East,3719,2234,214,8.5,60.1
2020-04-01,Gynaecology,South East,4861,3924,204,9.8,80.7
2020-04-01,Gynaecology,South West,1423,1074,119,11.3,75.5
2020-04-01,Gynaecology,East of England,4523,3421,604,10.2,75.6
2020-04-01,ENT,London,3970,3212,510,24.8,80.9
2020-04-01,ENT,Midlands,3991,3505,515,26.6,87.8
2020-04-01,ENT,North West,2245,1790,204,14.2,79.7
2020-04-01,ENT,North East,898,817,44,12.7,91.0
2020-04-01,ENT,South East,4577,3689,463,10.9,80.6
2020-04-01,ENT,South West,960,534,75,9.9,55.6
2020-04-01,ENT,East of England,2327,1839,299,20.5,79.0
2020-04-01,Gastroenterology,London,3904,2930,317,20.0,75.1
2020-04-01,Gastroenterology,Midlands,1845,1181,269,14.6,64.0
2020-04-01,Gastroenterology,North West,3285,2908,232,13.7,88.5
2020-04-01,Gastroenterology,North East,1759,1529,74,17.0,86.9
2020-04-01,Gastroenterology,South East,3920,2219,585,16.3,56.6
2020-04-01,Gastroenterology,South West,1869,1660,115,6.3,88.8
2020-04-01,Gastroenterology,East of England,3127,2102,273,18.6,67.2
2020-04-01,Dermatology,London,1499,1297,76,14.5,86.5
2020-04-01,Dermatology,Midlands,1984,1323,66,18.2,66.7
2020-04-01,Dermatology,North West,1369,1224,27,10.6,89.4
2020-04-01,Dermatology,North East,4814,4411,142,17.4,91.6
2020-04-01,Dermatology,South East,2209,1478,284,9.0,66.9
2020-04-01,Dermatology,South West,3606,2543,165,19.5,70.5
2020-04-01,Dermatology,East of England,3750,2758,456,20.3,73.5
2020-05-01,Orthopaedics,London,3501,3078,200,14.3,87.9
2020-05-01,Orthopaedics,Midlands,3574,2854,199,9.4,79.9
2020-05-01,Orthopaedics,North West,4061,2664,376,6.7,65.6
2020-05-01,Orthopaedics,North East,2515,1419,131,17.8,56.4
2020-05-01,Orthopaedics,South East,3460,2571,407,10.7,74.3
2020-05-01,Orthopaedics,South West,804,578,102,10.3,71.9
2020-05-01,Orthopaedics,East of England,4942,3997,145,8.9,80.9
2020-05-01,Cardiology,London,1435,1168,22,14.8,81.4
2020-05-01,Cardiology,Midlands,4475,3693,201,10.1,82.5
2020-05-01,Cardiology,North West,3638,2577,387,7.3,70.8
2020-05-01,Cardiology,North East,1312,936,57,8.1,71.3
2020-05-01,Cardiology,South East,4472,3551,219,27.0,79.4
2020-05-01,Cardiology,South West,4870,3862,345,22.1,79.3
2020-05-01,Cardiology,East of England,3947,2997,127,8.6,75.9
2020-05-01,Neurology,London,4156,2464,68,6.9,59.3
2020-05-01,Neurology,Midlands,3859,2372,47,22.8,61.5
2020-05-01,Neurology,North West,2435,1495,172,14.8,61.4
2020-05-01,Neurology,North East,3649,2359,44,26.5,64.6
2020-05-01,Neurology,South East,2431,2107,248,9.6,86.7
2020-05-01,Neurology,South West,3639,3272,517,25.1,89.9
2020-05-01,Neurology,East of England,4346,3678,455,18.6,84.6
2020-05-01,Ophthalmology,London,2368,1703,204,26.7,71.9
2020-05-01,Ophthalmology,Midlands,4713,2952,227,10.7,62.6
2020-05-01,Ophthalmology,North West,4173,2323,96,21.0,55.7
2020-05-01,Ophthalmology,North East,3696,2929,236,21.0,79.2
2020-05-01,Ophthalmology,South East,3869,3293,191,8.6,85.1
2020-05-01,Ophthalmology,South West,2316,2076,35,15.2,89.6
2020-05-01,Ophthalmology,East of England,3608,2715,249,18.5,75.2
2020-05-01,General Surgery,London,3586,3286,243,14.2,91.6
2020-05-01,General Surgery,Midlands,2943,1989,412,24.9,67.6
2020-05-01,General Surgery,North West,4240,3398,481,11.2,80.1
2020-05-01,General Surgery,North East,4752,3501,597,13.0,73.7
2020-05-01,General Surgery,South East,1498,879,26,27.1,58.7
2020-05-01,General Surgery,South West,4971,3386,715,20.9,68.1
2020-05-01,General Surgery,East of England,4377,3430,318,12.5,78.4
2020-05-01,Urology,London,3738,2350,532,23.2,62.9
2020-05-01,Urology,Midlands,1862,1086,147,7.3,58.3
2020-05-01,Urology,North West,4094,2336,463,18.0,57.1
2020-05-01,Urology,North East,1753,1365,42,7.9,77.9
2020-05-01,Urology,South East,1991,1148,248,21.5,57.7
2020-05-01,Urology,South West,2340,1731,99,18.8,74.0
2020-05-01,Urology,East of England,2188,1503,270,26.8,68.7
2020-05-01,Gynaecology,London,2124,1760,133,7.8,82.9
2020-05-01,Gynaecology,Midlands,3723,2816,258,25.9,75.6
2020-05-01,Gynaecology,North West,4934,3506,224,14.9,71.1
2020-05-01,Gynaecology,North East,4509,2573,120,8.6,57.1
2020-05-01,Gynaecology,South East,2184,1802,230,11.2,82.5
2020-05-01,Gynaecology,South West,1304,898,65,25.1,68.9
2020-05-01,Gynaecology,East of England,933,790,137,18.2,84.7
2020-05-01,ENT,London,4975,3707,741,7.6,74.5
2020-05-01,ENT,Midlands,2050,1654,42,9.7,80.7
2020-05-01,ENT,North West,4176,3371,307,19.8,80.7
2020-05-01,ENT,North East,4130,3648,67,12.2,88.3
2020-05-01,ENT,South East,3583,2047,233,8.3,57.1
2020-05-01,ENT,South West,1945,1205,145,13.8,62.0
2020-05-01,ENT,East of England,1339,774,196,27.7,57.8
2020-05-01,Gastroenterology,London,3308,2657,108,26.0,80.3
2020-05-01,Gastroenterology,Midlands,4124,3703,281,18.8,89.8
2020-05-01,Gastroenterology,North West,2744,1933,385,25.1,70.4
2020-05-01,Gastroenterology,North East,1815,1251,224,27.7,68.9
2020-05-01,Gastroenterology,South East,4958,3447,625,18.5,69.5
2020-05-01,Gastroenterology,South West,4800,3472,326,12.0,72.3
2020-05-01,Gastroenterology,East of England,2800,2093,321,26.1,74.8
2020-05-01,Dermatology,London,4436,3990,572,11.4,89.9
2020-05-01,Dermatology,Midlands,2848,2571,270,11.0,90.3
2020-05-01,Dermatology,North West,2623,1488,124,6.5,56.7
2020-05-01,Dermatology,North East,1049,778,123,17.4,74.2
2020-05-01,Dermatology,South East,2784,2099,246,25.3,75.4
2020-05-01,Dermatology,South West,2648,2034,204,15.3,76.8
2020-05-01,Dermatology,East of England,2052,1599,222,10.7,77.9
2020-06-01,Orthopaedics,London,2129,1635,138,15.6,76.8
2020-06-01,Orthopaedics,Midlands,2817,1912,230,23.2,67.9
2020-06-01,Orthopaedics,North West,3977,3456,568,9.2,86.9
2020-06-01,Orthopaedics,North East,4272,3127,197,16.1,73.2
2020-06-01,Orthopaedics,South East,3393,2645,198,10.6,78.0
2020-06-01,Orthopaedics,South West,4938,3154,101,8.8,63.9
2020-06-01,Orthopaedics,East of England,4245,3430,149,21.3,80.8
2020-06-01,Cardiology,London,1080,952,82,20.7,88.1
2020-06-01,Cardiology,Midlands,2769,2139,114,24.1,77.2
2020-06-01,Cardiology,North West,4700,2640,408,17.8,56.2
2020-06-01,Cardiology,North East,1323,828,80,17.1,62.6
2020-06-01,Cardiology,South East,3096,2253,329,17.3,72.8
2020-06-01,Cardiology,South West,3678,2536,38,25.1,69.0
2020-06-01,Cardiology,East of England,2855,2360,102,10.6,82.7
2020-06-01,Neurology,London,1438,1282,61,22.7,89.2
2020-06-01,Neurology,Midlands,2925,2109,335,6.8,72.1
2020-06-01,Neurology,North West,2446,2109,281,6.7,86.2
2020-06-01,Neurology,North East,4145,2965,350,11.3,71.5
2020-06-01,Neurology,South East,2875,1602,158,10.7,55.7
2020-06-01,Neurology,South West,925,549,124,19.1,59.4
2020-06-01,Neurology,East of England,2403,1637,242,16.6,68.1
2020-06-01,Ophthalmology,London,2293,1759,262,15.5,76.7
2020-06-01,Ophthalmology,Midlands,3272,2208,444,19.4,67.5
2020-06-01,Ophthalmology,North West,4314,2941,638,19.3,68.2
2020-06-01,Ophthalmology,North East,2112,1167,87,14.0,55.3
2020-06-01,Ophthalmology,South East,3363,2908,75,23.7,86.5
2020-06-01,Ophthalmology,South West,4535,3998,96,17.5,88.2
2020-06-01,Ophthalmology,East of England,1863,1505,278,25.7,80.8
2020-06-01,General Surgery,London,1267,1151,166,24.0,90.8
2020-06-01,General Surgery,Midlands,3728,2727,414,24.1,73.1
2020-06-01,General Surgery,North West,1646,1231,126,24.4,74.8
2020-06-01,General Surgery,North East,1941,1578,73,22.2,81.3
2020-06-01,General Surgery,South East,2848,2209,143,18.8,77.6
2020-06-01,General Surgery,South West,2826,2175,174,16.0,77.0
2020-06-01,General Surgery,East of England,1060,607,157,13.1,57.3
2020-06-01,Urology,London,4513,2628,132,6.1,58.2
2020-06-01,Urology,Midlands,3624,2791,275,15.1,77.0
2020-06-01,Urology,North West,4477,2639,577,22.4,58.9
2020-06-01,Urology,North East,2769,1650,311,26.6,59.6
2020-06-01,Urology,South East,3435,2371,479,21.9,69.0
2020-06-01,Urology,South West,4443,3827,131,23.5,86.1
2020-06-01,Urology,East of England,2114,1291,262,20.6,61.1
2020-06-01,Gynaecology,London,3421,2335,454,14.6,68.3
2020-06-01,Gynaecology,Midlands,3143,2254,345,25.8,71.7
2020-06-01,Gynaecology,North West,2990,2283,178,14.6,76.4
2020-06-01,Gynaecology,North East,4833,3630,661,19.7,75.1
2020-06-01,Gynaecology,South East,2770,1965,156,22.1,70.9
2020-06-01,Gynaecology,South West,2835,2337,255,27.9,82.4
2020-06-01,Gynaecology,East of England,1920,1558,228,9.1,81.1
2020-06-01,ENT,London,3043,2315,355,25.3,76.1
2020-06-01,ENT,Midlands,3712,2182,315,14.3,58.8
2020-06-01,ENT,North West,4028,3019,314,15.0,75.0
2020-06-01,ENT,North East,4556,3719,454,21.3,81.6
2020-06-01,ENT,South East,1593,1024,93,10.0,64.3
2020-06-01,ENT,South West,3719,2848,245,16.2,76.6
2020-06-01,ENT,East of England,3149,2448,433,9.1,77.7
2020-06-01,Gastroenterology,London,4081,3167,51,25.2,77.6
2020-06-01,Gastroenterology,Midlands,4331,2545,600,23.4,58.8
2020-06-01,Gastroenterology,North West,4676,3795,146,18.7,81.2
2020-06-01,Gastroenterology,North East,4249,2445,88,8.3,57.5
2020-06-01,Gastroenterology,South East,4168,3719,304,8.5,89.2
2020-06-01,Gastroenterology,South West,4276,2613,154,24.4,61.1
2020-06-01,Gastroenterology,East of England,3872,3375,319,19.0,87.2
2020-06-01,Dermatology,London,3508,2421,400,10.5,69.0
2020-06-01,Dermatology,Midlands,1374,966,179,26.3,70.3
2020-06-01,Dermatology,North West,4081,2970,565,18.9,72.8
2020-06-01,Dermatology,North East,1754,1258,52,9.9,71.7
2020-06-01,Dermatology,South East,2790,1705,41,12.9,61.1
2020-06-01,Dermatology,South West,4958,3236,202,10.7,65.3
2020-06-01,Dermatology,East of England,3920,2414,566,9.3,61.6
2020-07-01,Orthopaedics,London,8101,7035,1238,18.1,86.8
2020-07-01,Orthopaedics,Midlands,4665,3100,551,27.7,66.5
2020-07-01,Orthopaedics,North West,3151,2780,219,18.4,88.2
2020-07-01,Orthopaedics,North East,4140,3000,663,13.4,72.5
2020-07-01,Orthopaedics,South East,6942,5165,896,26.7,74.4
2020-07-01,Orthopaedics,South West,3142,1908,200,44.9,60.7
2020-07-01,Orthopaedics,East of England,4105,3620,618,42.5,88.2
2020-07-01,Cardiology,London,1537,934,304,36.9,60.8
2020-07-01,Cardiology,Midlands,2937,2214,240,18.6,75.4
2020-07-01,Cardiology,North West,2028,1193,445,17.9,58.8
2020-07-01,Cardiology,North East,8055,5140,346,20.4,63.8
2020-07-01,Cardiology,South East,3799,3292,863,26.5,86.7
2020-07-01,Cardiology,South West,1735,1044,208,23.6,60.2
2020-07-01,Cardiology,East of England,2833,2329,656,15.7,82.2
2020-07-01,Neurology,London,3085,2362,383,46.1,76.6
2020-07-01,Neurology,Midlands,7909,5109,899,34.2,64.6
2020-07-01,Neurology,North West,4239,3310,513,32.7,78.1
2020-07-01,Neurology,North East,7878,6558,419,45.2,83.2
2020-07-01,Neurology,South East,6262,5727,856,18.0,91.5
2020-07-01,Neurology,South West,8555,4776,733,32.2,55.8
2020-07-01,Neurology,East of England,1864,1302,135,36.3,69.8
2020-07-01,Ophthalmology,London,6013,5497,904,17.6,91.4
2020-07-01,Ophthalmology,Midlands,8276,6643,1864,31.8,80.3
2020-07-01,Ophthalmology,North West,5200,3969,452,32.7,76.3
2020-07-01,Ophthalmology,North East,4359,2569,232,21.2,58.9
2020-07-01,Ophthalmology,South East,2601,2135,211,35.9,82.1
2020-07-01,Ophthalmology,South West,2257,1720,517,26.8,76.2
2020-07-01,Ophthalmology,East of England,6265,4424,671,48.8,70.6
2020-07-01,General Surgery,London,8236,4782,1400,20.5,58.1
2020-07-01,General Surgery,Midlands,1706,1466,218,47.1,85.9
2020-07-01,General Surgery,North West,1774,1170,285,29.7,66.0
2020-07-01,General Surgery,North East,6319,5665,1280,19.3,89.7
2020-07-01,General Surgery,South East,2790,1805,468,12.8,64.7
2020-07-01,General Surgery,South West,2305,1799,316,24.4,78.0
2020-07-01,General Surgery,East of England,5657,4635,808,38.1,81.9
2020-07-01,Urology,London,8856,5678,1987,42.5,64.1
2020-07-01,Urology,Midlands,1747,1586,33,14.9,90.8
2020-07-01,Urology,North West,4384,2559,1092,16.2,58.4
2020-07-01,Urology,North East,2032,1636,303,14.2,80.5
2020-07-01,Urology,South East,8033,7012,1626,42.7,87.3
2020-07-01,Urology,South West,4590,3754,819,49.6,81.8
2020-07-01,Urology,East of England,8146,6569,252,37.3,80.6
2020-07-01,Gynaecology,London,7486,6071,1880,18.0,81.1
2020-07-01,Gynaecology,Midlands,7122,6329,189,38.4,88.9
2020-07-01,Gynaecology,North West,6714,5989,1763,48.2,89.2
2020-07-01,Gynaecology,North East,7369,6403,1700,23.4,86.9
2020-07-01,Gynaecology,South East,7849,6188,1427,25.2,78.8
2020-07-01,Gynaecology,South West,6240,3710,233,38.4,59.5
2020-07-01,Gynaecology,East of England,6809,4856,816,33.5,71.3
2020-07-01,ENT,London,8566,6421,1861,23.4,75.0
2020-07-01,ENT,Midlands,6424,4769,806,45.5,74.2
2020-07-01,ENT,North West,7777,4347,1845,11.6,55.9
2020-07-01,ENT,North East,4687,3495,1193,42.4,74.6
2020-07-01,ENT,South East,2903,1973,613,26.7,68.0
2020-07-01,ENT,South West,1879,1367,308,21.6,72.8
2020-07-01,ENT,East of England,5803,4841,715,27.5,83.4
2020-07-01,Gastroenterology,London,6163,3934,282,24.8,63.8
2020-07-01,Gastroenterology,Midlands,5099,3363,391,12.5,66.0
2020-07-01,Gastroenterology,North West,2707,2400,79,15.1,88.7
2020-07-01,Gastroenterology,North East,3173,2001,816,41.9,63.1
2020-07-01,Gastroenterology,South East,3128,2401,830,45.8,76.8
2020-07-01,Gastroenterology,South West,7587,5484,1309,17.4,72.3
2020-07-01,Gastroenterology,East of England,3031,2598,146,12.7,85.7
2020-07-01,Dermatology,London,2923,1846,189,41.7,63.2
2020-07-01,Dermatology,Midlands,8361,7075,1477,19.4,84.6
2020-07-01,Dermatology,North West,7146,5509,1074,21.1,77.1
2020-07-01,Dermatology,North East,5878,4881,1136,16.9,83.0
2020-07-01,Dermatology,South East,8764,6840,1809,12.2,78.0
2020-07-01,Dermatology,South West,4919,4270,655,26.3,86.8
2020-07-01,Dermatology,East of England,6267,3747,1516,48.6,59.8
2020-08-01,Orthopaedics,London,3879,2184,391,47.7,56.3
2020-08-01,Orthopaedics,Midlands,3992,2324,482,25.6,58.2
2020-08-01,Orthopaedics,North West,8589,4878,1307,48.9,56.8
2020-08-01,Orthopaedics,North East,4519,3627,168,44.5,80.3
2020-08-01,Orthopaedics,South East,7039,6170,1042,46.7,87.7
2020-08-01,Orthopaedics,South West,4303,3420,667,45.0,79.5
2020-08-01,Orthopaedics,East of England,3801,3326,832,36.9,87.5
2020-08-01,Cardiology,London,4507,3035,352,47.6,67.3
2020-08-01,Cardiology,Midlands,8168,6767,473,45.7,82.8
2020-08-01,Cardiology,North West,2925,2112,700,11.0,72.2
2020-08-01,Cardiology,North East,6334,4269,1300,17.2,67.4
2020-08-01,Cardiology,South East,5765,4357,1202,21.0,75.6
2020-08-01,Cardiology,South West,5013,3289,869,49.7,65.6
2020-08-01,Cardiology,East of England,5155,3056,582,11.2,59.3
2020-08-01,Neurology,London,3252,1917,682,32.2,58.9
2020-08-01,Neurology,Midlands,3684,3171,430,17.9,86.1
2020-08-01,Neurology,North West,5191,3051,1319,38.0,58.8
2020-08-01,Neurology,North East,3717,3347,222,41.3,90.0
2020-08-01,Neurology,South East,3033,2056,529,12.6,67.8
2020-08-01,Neurology,South West,5675,5200,1068,28.5,91.6
2020-08-01,Neurology,East of England,2811,1681,587,11.8,59.8
2020-08-01,Ophthalmology,London,3070,2621,342,43.2,85.4
2020-08-01,Ophthalmology,Midlands,5950,4776,775,21.6,80.3
2020-08-01,Ophthalmology,North West,7480,6727,327,44.6,89.9
2020-08-01,Ophthalmology,North East,7455,6292,1437,19.5,84.4
2020-08-01,Ophthalmology,South East,7201,6019,547,16.0,83.6
2020-08-01,Ophthalmology,South West,8240,7430,461,27.9,90.2
2020-08-01,Ophthalmology,East of England,8848,7843,2070,49.0,88.6
2020-08-01,General Surgery,London,4467,2910,1188,27.0,65.1
2020-08-01,General Surgery,Midlands,8573,7013,1765,18.7,81.8
2020-08-01,General Surgery,North West,6940,5490,769,45.0,79.1
2020-08-01,General Surgery,North East,5499,4129,319,18.9,75.1
2020-08-01,General Surgery,South East,8056,6745,1710,44.3,83.7
2020-08-01,General Surgery,South West,3166,2085,784,49.1,65.9
2020-08-01,General Surgery,East of England,2386,1737,113,15.8,72.8
2020-08-01,Urology,London,4815,3414,329,30.3,70.9
2020-08-01,Urology,Midlands,1648,1266,209,49.8,76.8
2020-08-01,Urology,North West,6422,3559,232,26.3,55.4
2020-08-01,Urology,North East,3940,3587,787,36.8,91.0
2020-08-01,Urology,South East,2750,2387,589,12.4,86.8
2020-08-01,Urology,South West,1823,1507,99,14.9,82.7
2020-08-01,Urology,East of England,7050,4249,1013,35.3,60.3
2020-08-01,Gynaecology,London,6336,4796,129,23.7,75.7
2020-08-01,Gynaecology,Midlands,1441,1077,346,14.1,74.7
2020-08-01,Gynaecology,North West,3090,2067,816,18.8,66.9
2020-08-01,Gynaecology,North East,5344,4522,365,17.4,84.6
2020-08-01,Gynaecology,South East,4851,3810,950,12.1,78.5
2020-08-01,Gynaecology,South West,7099,4040,1096,38.9,56.9
2020-08-01,Gynaecology,East of England,8479,6903,1865,24.2,81.4
2020-08-01,ENT,London,1890,1378,348,32.7,72.9
2020-08-01,ENT,Midlands,7669,6537,1012,36.3,85.2
2020-08-01,ENT,North West,8836,5126,293,20.6,58.0
2020-08-01,ENT,North East,6760,4916,1170,23.8,72.7
2020-08-01,ENT,South East,2788,1880,178,42.1,67.4
2020-08-01,ENT,South West,5643,4143,891,39.3,73.4
2020-08-01,ENT,East of England,2629,1769,406,30.3,67.3
2020-08-01,Gastroenterology,London,6787,4233,1285,13.7,62.4
2020-08-01,Gastroenterology,Midlands,2073,1784,128,48.8,86.1
2020-08-01,Gastroenterology,North West,4998,4122,625,24.5,82.5
2020-08-01,Gastroenterology,North East,3936,3282,571,32.3,83.4
2020-08-01,Gastroenterology,South East,3731,3053,524,45.4,81.8
2020-08-01,Gastroenterology,South West,4033,3401,738,50.1,84.3
2020-08-01,Gastroenterology,East of England,3724,2543,427,29.2,68.3
2020-08-01,Dermatology,London,6764,4310,1444,26.9,63.7
2020-08-01,Dermatology,Midlands,7504,4786,1971,18.0,63.8
2020-08-01,Dermatology,North West,8649,6332,694,45.3,73.2
2020-08-01,Dermatology,North East,4402,3386,721,37.0,76.9
2020-08-01,Dermatology,South East,8305,5070,967,49.2,61.0
2020-08-01,Dermatology,South West,5243,4548,106,34.1,86.7
2020-08-01,Dermatology,East of England,8681,6048,674,20.1,69.7
2020-09-01,Orthopaedics,London,6985,4031,424,31.4,57.7
2020-09-01,Orthopaedics,Midlands,6643,5690,840,20.6,85.7
2020-09-01,Orthopaedics,North West,5688,3479,342,12.3,61.2
2020-09-01,Orthopaedics,North East,6361,5060,875,44.2,79.5
2020-09-01,Orthopaedics,South East,4282,3062,1009,32.9,71.5
2020-09-01,Orthopaedics,South West,3733,2207,320,13.1,59.1
2020-09-01,Orthopaedics,East of England,3808,3414,106,15.6,89.7
2020-09-01,Cardiology,London,5997,5370,585,30.9,89.5
2020-09-01,Cardiology,Midlands,3652,2938,431,29.8,80.4
2020-09-01,Cardiology,North West,1665,1502,298,45.2,90.2
2020-09-01,Cardiology,North East,7288,4932,1108,15.8,67.7
2020-09-01,Cardiology,South East,4984,3113,935,49.2,62.5
2020-09-01,Cardiology,South West,1670,1370,95,20.1,82.0
2020-09-01,Cardiology,East of England,4172,2568,803,44.0,61.6
2020-09-01,Neurology,London,5893,4730,844,35.3,80.3
2020-09-01,Neurology,Midlands,8134,7075,1721,15.3,87.0
2020-09-01,Neurology,North West,6969,4389,1282,26.4,63.0
2020-09-01,Neurology,North East,5774,3403,1061,50.4,58.9
2020-09-01,Neurology,South East,2473,2254,298,45.3,91.1
2020-09-01,Neurology,South West,6177,3604,560,15.1,58.3
2020-09-01,Neurology,East of England,8065,5641,809,37.2,69.9
2020-09-01,Ophthalmology,London,7835,6519,1716,28.0,83.2
2020-09-01,Ophthalmology,Midlands,8121,4827,1260,11.0,59.4
2020-09-01,Ophthalmology,North West,8146,6379,1398,33.1,78.3
2020-09-01,Ophthalmology,North East,8614,5976,1129,20.2,69.4
2020-09-01,Ophthalmology,South East,7862,5616,170,34.0,71.4
2020-09-01,Ophthalmology,South West,6867,5474,1195,29.2,79.7
2020-09-01,Ophthalmology,East of England,3286,2466,847,44.3,75.0
2020-09-01,General Surgery,London,4944,2766,514,25.9,55.9
2020-09-01,General Surgery,Midlands,7495,4804,1035,26.4,64.1
2020-09-01,General Surgery,North West,5742,4885,1142,48.6,85.1
2020-09-01,General Surgery,North East,3247,2773,410,46.3,85.4
2020-09-01,General Surgery,South East,7178,6332,569,47.5,88.2
2020-09-01,General Surgery,South West,8377,5218,1162,18.5,62.3
2020-09-01,General Surgery,East of England,3173,2046,284,23.0,64.5
2020-09-01,Urology,London,1629,1263,323,21.6,77.5
2020-09-01,Urology,Midlands,5286,3145,336,37.8,59.5
2020-09-01,Urology,North West,8017,5285,1747,18.1,65.9
2020-09-01,Urology,North East,1503,1062,60,43.1,70.7
2020-09-01,Urology,South East,4514,3540,1163,34.6,78.4
2020-09-01,Urology,South West,3780,3315,285,19.2,87.7
2020-09-01,Urology,East of England,1456,894,158,46.7,61.4
2020-09-01,Gynaecology,London,3369,2148,723,21.7,63.8
2020-09-01,Gynaecology,Midlands,8069,5703,1502,14.6,70.7
2020-09-01,Gynaecology,North West,6912,4885,390,20.1,70.7
2020-09-01,Gynaecology,North East,7162,6225,520,14.6,86.9
2020-09-01,Gynaecology,South East,7745,5154,588,19.0,66.5
2020-09-01,Gynaecology,South West,4222,2684,491,34.3,63.6
2020-09-01,Gynaecology,East of England,2824,1840,475,37.6,65.2
2020-09-01,ENT,London,4278,3030,850,38.2,70.8
2020-09-01,ENT,Midlands,7471,4463,330,39.5,59.7
2020-09-01,ENT,North West,6121,5417,1301,21.3,88.5
2020-09-01,ENT,North East,1569,1050,117,24.9,66.9
2020-09-01,ENT,South East,2712,1935,617,37.3,71.3
2020-09-01,ENT,South West,5895,3752,908,45.7,63.6
2020-09-01,ENT,East of England,4293,3441,326,28.9,80.2
2020-09-01,Gastroenterology,London,2053,1637,551,37.0,79.7
2020-09-01,Gastroenterology,Midlands,3657,3358,477,24.0,91.8
2020-09-01,Gastroenterology,North West,2629,1992,681,17.7,75.8
2020-09-01,Gastroenterology,North East,5641,4678,343,27.0,82.9
2020-09-01,Gastroenterology,South East,2577,2200,47,22.7,85.4
2020-09-01,Gastroenterology,South West,8134,6867,2046,20.1,84.4
2020-09-01,Gastroenterology,East of England,4212,3465,891,20.4,82.3
2020-09-01,Dermatology,London,1953,1450,342,14.3,74.2
2020-09-01,Dermatology,Midlands,4618,4017,791,30.9,87.0
2020-09-01,Dermatology,North West,4181,3395,113,22.8,81.2
2020-09-01,Dermatology,North East,4321,2985,454,20.3,69.1
2020-09-01,Dermatology,South East,5932,3933,700,28.5,66.3
2020-09-01,Dermatology,South West,7320,6391,430,41.9,87.3
2020-09-01,Dermatology,East of England,5382,4935,1251,19.1,91.7
2020-10-01,Orthopaedics,London,2448,1451,548,25.9,59.3
2020-10-01,Orthopaedics,Midlands,7356,5495,1469,16.4,74.7
2020-10-01,Orthopaedics,North West,1569,1050,37,16.9,66.9
2020-10-01,Orthopaedics,North East,6800,4610,1794,36.2,67.8
2020-10-01,Orthopaedics,South East,5013,3002,1179,47.3,59.9
2020-10-01,Orthopaedics,South West,3479,3069,789,23.4,88.2
2020-10-01,Orthopaedics,East of England,5994,4180,328,25.4,69.7
2020-10-01,Cardiology,London,6775,3790,352,48.9,55.9
2020-10-01,Cardiology,Midlands,8062,6206,2047,45.5,77.0
2020-10-01,Cardiology,North West,6904,4067,1239,19.4,58.9
2020-10-01,Cardiology,North East,7201,5692,405,13.2,79.0
2020-10-01,Cardiology,South East,4955,3568,161,50.2,72.0
2020-10-01,Cardiology,South West,4950,3995,1316,20.3,80.7
2020-10-01,Cardiology,East of England,3562,2358,154,38.2,66.2
2020-10-01,Neurology,London,2534,1871,682,43.0,73.8
2020-10-01,Neurology,Midlands,3927,2480,242,36.8,63.2
2020-10-01,Neurology,North West,7383,6039,1606,26.8,81.8
2020-10-01,Neurology,North East,2820,1754,312,27.2,62.2
2020-10-01,Neurology,South East,4228,2602,488,49.0,61.5
2020-10-01,Neurology,South West,5567,4689,916,37.8,84.2
2020-10-01,Neurology,East of England,3060,1926,64,20.4,62.9
2020-10-01,Ophthalmology,London,5733,3290,164,25.5,57.4
2020-10-01,Ophthalmology,Midlands,5835,4190,1346,14.7,71.8
2020-10-01,Ophthalmology,North West,6042,3658,603,40.0,60.5
2020-10-01,Ophthalmology,North East,8287,5767,1108,41.9,69.6
2020-10-01,Ophthalmology,South East,5839,3499,255,36.9,59.9
2020-10-01,Ophthalmology,South West,2203,1772,282,20.9,80.4
2020-10-01,Ophthalmology,East of England,1873,1056,459,29.1,56.4
2020-10-01,General Surgery,London,2725,1998,314,28.6,73.3
2020-10-01,General Surgery,Midlands,1580,1388,207,45.7,87.8
2020-10-01,General Surgery,North West,5306,3012,146,40.3,56.8
2020-10-01,General Surgery,North East,7660,4417,275,11.3,57.7
2020-10-01,General Surgery,South East,4442,3278,513,29.1,73.8
2020-10-01,General Surgery,South West,4453,4048,1137,41.8,90.9
2020-10-01,General Surgery,East of England,2451,1505,104,36.9,61.4
2020-10-01,Urology,London,7601,4373,949,14.1,57.5
2020-10-01,Urology,Midlands,7363,6498,1584,19.8,88.3
2020-10-01,Urology,North West,5716,3951,399,15.6,69.1
2020-10-01,Urology,North East,4343,2499,1128,29.7,57.5
2020-10-01,Urology,South East,2104,1408,104,29.6,66.9
2020-10-01,Urology,South West,2824,2182,465,40.4,77.3
2020-10-01,Urology,East of England,3799,2956,218,12.5,77.8
2020-10-01,Gynaecology,London,5616,5017,418,25.5,89.3
2020-10-01,Gynaecology,Midlands,8094,7276,636,15.6,89.9
2020-10-01,Gynaecology,North West,7486,5491,158,50.1,73.4
2020-10-01,Gynaecology,North East,4260,2842,1020,21.0,66.7
2020-10-01,Gynaecology,South East,6822,4388,1420,29.0,64.3
2020-10-01,Gynaecology,South West,1981,1623,423,36.8,81.9
2020-10-01,Gynaecology,East of England,2514,2083,215,32.2,82.9
2020-10-01,ENT,London,7806,4605,1488,14.4,59.0
2020-10-01,ENT,Midlands,8060,5889,451,24.4,73.1
2020-10-01,ENT,North West,5625,4222,938,30.9,75.1
2020-10-01,ENT,North East,2703,1592,151,14.5,58.9
2020-10-01,ENT,South East,3787,3149,220,29.1,83.2
2020-10-01,ENT,South West,8148,6928,1669,45.7,85.0
2020-10-01,ENT,East of England,4779,4043,331,32.8,84.6
2020-10-01,Gastroenterology,London,8580,7306,1484,38.0,85.2
2020-10-01,Gastroenterology,Midlands,5326,4473,839,11.0,84.0
2020-10-01,Gastroenterology,North West,6208,5343,1414,11.2,86.1
2020-10-01,Gastroenterology,North East,7720,6413,1458,40.7,83.1
2020-10-01,Gastroenterology,South East,8451,6217,417,26.1,73.6
2020-10-01,Gastroenterology,South West,3317,2782,241,16.3,83.9
2020-10-01,Gastroenterology,East of England,5081,3129,128,17.4,61.6
2020-10-01,Dermatology,London,3384,2346,404,45.4,69.3
2020-10-01,Dermatology,Midlands,7365,5801,252,33.8,78.8
2020-10-01,Dermatology,North West,6744,3840,948,34.5,56.9
2020-10-01,Dermatology,North East,7306,6248,1048,13.9,85.5
2020-10-01,Dermatology,South East,2633,1773,568,38.8,67.3
2020-10-01,Dermatology,South West,6793,5810,1012,25.6,85.5
2020-10-01,Dermatology,East of England,3610,2300,402,13.3,63.7
2020-11-01,Orthopaedics,London,2295,1886,618,47.8,82.2
2020-11-01,Orthopaedics,Midlands,4744,2913,847,30.4,61.4
2020-11-01,Orthopaedics,North West,5058,4065,1354,40.4,80.4
2020-11-01,Orthopaedics,North East,7687,4805,1233,49.6,62.5
2020-11-01,Orthopaedics,South East,8092,6204,1341,38.4,76.7
2020-11-01,Orthopaedics,South West,4860,4080,156,44.6,84.0
2020-11-01,Orthopaedics,East of England,5045,4273,673,29.9,84.7
2020-11-01,Cardiology,London,4365,2530,879,30.5,58.0
2020-11-01,Cardiology,Midlands,6550,5370,1381,17.1,82.0
2020-11-01,Cardiology,North West,4354,3453,1127,13.5,79.3
2020-11-01,Cardiology,North East,3015,1707,81,21.7,56.6
2020-11-01,Cardiology,South East,4993,4420,403,21.6,88.5
2020-11-01,Cardiology,South West,7295,5169,1684,21.4,70.9
2020-11-01,Cardiology,East of England,2952,2156,78,13.3,73.0
2020-11-01,Neurology,London,5574,4224,586,23.3,75.8
2020-11-01,Neurology,Midlands,7093,6262,166,37.1,88.3
2020-11-01,Neurology,North West,3547,2118,852,26.4,59.7
2020-11-01,Neurology,North East,8166,5756,682,39.7,70.5
2020-11-01,Neurology,South East,5689,5190,310,39.5,91.2
2020-11-01,Neurology,South West,5673,4093,1491,34.9,72.1
2020-11-01,Neurology,East of England,2203,1229,439,27.4,55.8
2020-11-01,Ophthalmology,London,2514,1904,376,15.3,75.7
2020-11-01,Ophthalmology,Midlands,5202,2991,1021,32.3,57.5
2020-11-01,Ophthalmology,North West,4170,3000,584,17.4,71.9
2020-11-01,Ophthalmology,North East,4206,3346,304,14.7,79.6
2020-11-01,Ophthalmology,South East,7227,5075,1315,32.4,70.2
2020-11-01,Ophthalmology,South West,2057,1730,95,24.9,84.1
2020-11-01,Ophthalmology,East of England,2538,1444,548,18.8,56.9
2020-11-01,General Surgery,London,5623,3435,569,40.8,61.1
2020-11-01,General Surgery,Midlands,6463,5653,1548,45.3,87.5
2020-11-01,General Surgery,North West,6926,5244,1434,32.9,75.7
2020-11-01,General Surgery,North East,5243,3010,707,46.8,57.4
2020-11-01,General Surgery,South East,4278,3140,190,36.8,73.4
2020-11-01,General Surgery,South West,5806,4010,1239,49.0,69.1
2020-11-01,General Surgery,East of England,6031,3733,251,24.9,61.9
2020-11-01,Urology,London,5419,3534,524,36.2,65.2
2020-11-01,Urology,Midlands,5553,4149,320,38.4,74.7
2020-11-01,Urology,North West,7450,4555,1285,25.2,61.1
2020-11-01,Urology,North East,1947,1270,517,16.4,65.2
2020-11-01,Urology,South East,7200,4048,789,39.8,56.2
2020-11-01,Urology,South West,2676,1622,345,35.2,60.6
2020-11-01,Urology,East of England,4645,4027,221,40.1,86.7
2020-11-01,Gynaecology,London,8564,7774,1055,49.8,90.8
2020-11-01,Gynaecology,Midlands,7927,6486,787,50.3,81.8
2020-11-01,Gynaecology,North West,4192,2968,246,11.3,70.8
2020-11-01,Gynaecology,North East,4248,2482,107,43.4,58.4
2020-11-01,Gynaecology,South East,6964,5715,454,44.8,82.1
2020-11-01,Gynaecology,South West,3951,3515,181,40.9,89.0
2020-11-01,Gynaecology,East of England,6822,5397,662,20.9,79.1
2020-11-01,ENT,London,3517,3079,528,20.5,87.5
2020-11-01,ENT,Midlands,8335,4853,1660,27.4,58.2
2020-11-01,ENT,North West,6107,4145,802,40.5,67.9
2020-11-01,ENT,North East,5626,4386,600,44.1,78.0
2020-11-01,ENT,South East,4453,3839,365,12.0,86.2
2020-11-01,ENT,South West,6732,5386,672,38.0,80.0
2020-11-01,ENT,East of England,1719,1379,103,36.7,80.2
2020-11-01,Gastroenterology,London,8334,5444,1500,38.3,65.3
2020-11-01,Gastroenterology,Midlands,3844,2546,701,48.0,66.2
2020-11-01,Gastroenterology,North West,2266,1441,501,13.1,63.6
2020-11-01,Gastroenterology,North East,5502,4350,1311,10.8,79.1
2020-11-01,Gastroenterology,South East,4078,2410,532,29.0,59.1
2020-11-01,Gastroenterology,South West,6226,4303,314,27.1,69.1
2020-11-01,Gastroenterology,East of England,8490,6174,191,27.5,72.7
2020-11-01,Dermatology,London,4590,2740,901,49.3,59.7
2020-11-01,Dermatology,Midlands,6742,5588,1488,11.5,82.9
2020-11-01,Dermatology,North West,8260,6763,783,43.6,81.9
2020-11-01,Dermatology,North East,4195,3293,551,19.5,78.5
2020-11-01,Dermatology,South East,4068,3051,172,20.4,75.0
2020-11-01,Dermatology,South West,5700,4331,510,43.5,76.0
2020-11-01,Dermatology,East of England,4611,2922,931,34.5,63.4
2020-12-01,Orthopaedics,London,1560,1364,372,23.9,87.4
2020-12-01,Orthopaedics,Midlands,8654,7926,1521,31.8,91.6
2020-12-01,Orthopaedics,North West,3393,2863,90,33.9,84.4
2020-12-01,Orthopaedics,North East,4293,3271,790,20.8,76.2
2020-12-01,Orthopaedics,South East,8532,6583,400,14.5,77.2
2020-12-01,Orthopaedics,South West,7768,4366,1840,13.4,56.2
2020-12-01,Orthopaedics,East of England,5988,4560,888,27.8,76.2
2020-12-01,Cardiology,London,5722,5075,772,16.2,88.7
2020-12-01,Cardiology,Midlands,5171,3159,315,48.3,61.1
2020-12-01,Cardiology,North West,4271,3284,833,20.2,76.9
2020-12-01,Cardiology,North East,4100,2454,315,42.0,59.9
2020-12-01,Cardiology,South East,2480,1962,638,34.6,79.1
2020-12-01,Cardiology,South West,6836,6248,586,26.9,91.4
2020-12-01,Cardiology,East of England,5509,3548,601,29.5,64.4
2020-12-01,Neurology,London,2752,2437,215,29.4,88.6
2020-12-01,Neurology,Midlands,5292,3836,925,29.4,72.5
2020-12-01,Neurology,North West,4059,2653,284,31.3,65.4
2020-12-01,Neurology,North East,5212,2881,381,12.3,55.3
2020-12-01,Neurology,South East,2052,1461,149,26.5,71.2
2020-12-01,Neurology,South West,5812,3794,1300,22.1,65.3
2020-12-01,Neurology,East of England,2979,2224,714,33.6,74.7
2020-12-01,Ophthalmology,London,4170,3825,213,21.7,91.7
2020-12-01,Ophthalmology,Midlands,8812,6117,1779,45.7,69.4
2020-12-01,Ophthalmology,North West,6847,5574,1172,23.1,81.4
2020-12-01,Ophthalmology,North East,7509,6125,1940,39.4,81.6
2020-12-01,Ophthalmology,South East,1751,996,145,13.2,56.9
2020-12-01,Ophthalmology,South West,4815,3871,225,26.0,80.4
2020-12-01,Ophthalmology,East of England,6274,4988,258,34.4,79.5
2020-12-01,General Surgery,London,3123,2585,112,14.0,82.8
2020-12-01,General Surgery,Midlands,6303,5215,768,36.4,82.7
2020-12-01,General Surgery,North West,1801,1231,301,11.2,68.4
2020-12-01,General Surgery,North East,7180,4256,408,17.6,59.3
2020-12-01,General Surgery,South East,5941,3532,1458,13.4,59.5
2020-12-01,General Surgery,South West,7597,4577,159,27.5,60.2
2020-12-01,General Surgery,East of England,5878,4209,230,26.6,71.6
2020-12-01,Urology,London,3664,3110,265,29.3,84.9
2020-12-01,Urology,Midlands,4015,3177,927,38.2,79.1
2020-12-01,Urology,North West,6224,3601,962,44.9,57.9
2020-12-01,Urology,North East,7306,4629,838,28.6,63.4
2020-12-01,Urology,South East,7277,6470,921,23.4,88.9
2020-12-01,Urology,South West,5113,3512,127,26.4,68.7
2020-12-01,Urology,East of England,4937,3399,296,27.8,68.8
2020-12-01,Gynaecology,London,7320,4147,1537,48.3,56.7
2020-12-01,Gynaecology,Midlands,7331,5783,1308,24.3,78.9
2020-12-01,Gynaecology,North West,7822,5487,754,37.6,70.1
2020-12-01,Gynaecology,North East,3112,2680,511,33.0,86.1
2020-12-01,Gynaecology,South East,3337,2685,178,30.0,80.5
2020-12-01,Gynaecology,South West,3958,3608,601,16.2,91.2
2020-12-01,Gynaecology,East of England,3560,2233,894,27.2,62.7
2020-12-01,ENT,London,7981,4458,1664,29.0,55.9
2020-12-01,ENT,Midlands,8656,7643,409,48.7,88.3
2020-12-01,ENT,North West,7124,5088,1914,32.4,71.4
2020-12-01,ENT,North East,2872,1886,747,26.2,65.7
2020-12-01,ENT,South East,5320,4836,1132,49.6,90.9
2020-12-01,ENT,South West,5673,4237,342,20.6,74.7
2020-12-01,ENT,East of England,5742,4093,540,21.1,71.3
2020-12-01,Gastroenterology,London,2052,1388,176,49.1,67.6
2020-12-01,Gastroenterology,Midlands,2084,1566,124,33.9,75.1
2020-12-01,Gastroenterology,North West,3481,2966,244,41.8,85.2
2020-12-01,Gastroenterology,North East,7146,6257,1251,33.3,87.6
2020-12-01,Gastroenterology,South East,6541,4084,769,12.4,62.4
2020-12-01,Gastroenterology,South West,2620,2130,645,16.0,81.3
2020-12-01,Gastroenterology,East of England,7131,6321,1426,31.9,88.6
2020-12-01,Dermatology,London,7219,4071,1486,32.6,56.4
2020-12-01,Dermatology,Midlands,3196,2562,433,12.2,80.2
2020-12-01,Dermatology,North West,3027,2183,802,29.9,72.1
2020-12-01,Dermatology,North East,4338,2712,910,26.1,62.5
2020-12-01,Dermatology,South East,6494,4442,1304,46.2,68.4
2020-12-01,Dermatology,South West,8283,5804,1876,41.1,70.1
2020-12-01,Dermatology,East of England,6514,5526,899,50.2,84.8
2021-01-01,Orthopaedics,London,4793,4150,616,44.3,86.6
2021-01-01,Orthopaedics,Midlands,8523,5445,823,20.9,63.9
2021-01-01,Orthopaedics,North West,3135,2451,788,11.6,78.2
2021-01-01,Orthopaedics,North East,5988,5352,153,45.3,89.4
2021-01-01,Orthopaedics,South East,6755,4051,631,25.0,60.0
2021-01-01,Orthopaedics,South West,8193,5351,582,48.7,65.3
2021-01-01,Orthopaedics,East of England,7261,6674,1369,43.6,91.9
2021-01-01,Cardiology,London,7556,4162,220,24.3,55.1
2021-01-01,Cardiology,Midlands,4269,3517,230,40.6,82.4
2021-01-01,Cardiology,North West,5463,4335,1153,44.3,79.4
2021-01-01,Cardiology,North East,5473,3221,648,39.4,58.9
2021-01-01,Cardiology,South East,2183,1220,207,32.5,55.9
2021-01-01,Cardiology,South West,3076,2611,789,13.7,84.9
2021-01-01,Cardiology,East of England,7999,4698,1895,37.8,58.7
2021-01-01,Neurology,London,5799,4996,458,29.7,86.2
2021-01-01,Neurology,Midlands,4134,2889,382,20.0,69.9
2021-01-01,Neurology,North West,5655,3949,518,16.8,69.8
2021-01-01,Neurology,North East,3330,1858,549,44.2,55.8
2021-01-01,Neurology,South East,2224,1250,160,27.3,56.2
2021-01-01,Neurology,South West,3787,2255,916,30.7,59.5
2021-01-01,Neurology,East of England,4300,2479,817,20.4,57.7
2021-01-01,Ophthalmology,London,3259,2158,296,33.1,66.2
2021-01-01,Ophthalmology,Midlands,5592,3371,1193,21.5,60.3
2021-01-01,Ophthalmology,North West,8103,4932,1946,43.4,60.9
2021-01-01,Ophthalmology,North East,3715,2745,110,21.7,73.9
2021-01-01,Ophthalmology,South East,5653,4982,932,29.3,88.1
2021-01-01,Ophthalmology,South West,5826,3736,1192,23.3,64.1
2021-01-01,Ophthalmology,East of England,6163,3685,988,45.1,59.8
2021-01-01,General Surgery,London,2912,2069,720,25.7,71.1
2021-01-01,General Surgery,Midlands,7725,4580,221,33.2,59.3
2021-01-01,General Surgery,North West,8458,6631,1652,11.0,78.4
2021-01-01,General Surgery,North East,8852,5701,2112,18.0,64.4
2021-01-01,General Surgery,South East,7932,6596,2043,38.6,83.2
2021-01-01,General Surgery,South West,4372,2839,602,35.9,64.9
2021-01-01,General Surgery,East of England,3808,2162,414,48.7,56.8
2021-01-01,Urology,London,6096,5305,840,15.2,87.0
2021-01-01,Urology,Midlands,1846,1267,57,41.2,68.6
2021-01-01,Urology,North West,5502,4149,675,39.3,75.4
2021-01-01,Urology,North East,7266,5265,1742,19.3,72.5
2021-01-01,Urology,South East,6242,5174,168,26.4,82.9
2021-01-01,Urology,South West,2835,2242,578,23.3,79.1
2021-01-01,Urology,East of England,3130,2179,618,18.7,69.6
2021-01-01,Gynaecology,London,2079,1209,59,37.2,58.2
2021-01-01,Gynaecology,Midlands,5212,3081,771,21.4,59.1
2021-01-01,Gynaecology,North West,5220,4199,412,46.9,80.4
2021-01-01,Gynaecology,North East,8353,4653,412,27.2,55.7
2021-01-01,Gynaecology,South East,2134,1492,323,34.4,69.9
2021-01-01,Gynaecology,South West,2770,1566,327,41.0,56.5
2021-01-01,Gynaecology,East of England,7248,4703,531,16.0,64.9
2021-01-01,ENT,London,8398,6406,312,26.0,76.3
2021-01-01,ENT,Midlands,6465,3843,549,11.5,59.4
2021-01-01,ENT,North West,4183,2829,854,19.6,67.6
2021-01-01,ENT,North East,8452,5811,155,22.7,68.8
2021-01-01,ENT,South East,3189,2903,738,11.7,91.0
2021-01-01,ENT,South West,6894,5782,919,26.6,83.9
2021-01-01,ENT,East of England,2597,2292,511,47.9,88.3
2021-01-01,Gastroenterology,London,7336,6063,1007,13.1,82.6
2021-01-01,Gastroenterology,Midlands,2145,1369,325,36.6,63.8
2021-01-01,Gastroenterology,North West,7563,6853,280,25.3,90.6
2021-01-01,Gastroenterology,North East,7326,4410,1280,41.7,60.2
2021-01-01,Gastroenterology,South East,2268,1928,404,26.2,85.0
2021-01-01,Gastroenterology,South West,7709,6073,1712,48.3,78.8
2021-01-01,Gastroenterology,East of England,7151,4701,975,46.0,65.7
2021-01-01,Dermatology,London,7403,5961,1869,30.5,80.5
2021-01-01,Dermatology,Midlands,5571,3340,1445,31.8,60.0
2021-01-01,Dermatology,North West,6449,4741,1220,13.8,73.5
2021-01-01,Dermatology,North East,8001,6789,1070,32.4,84.9
2021-01-01,Dermatology,South East,4917,3538,783,45.0,72.0
2021-01-01,Dermatology,South West,6060,3802,185,44.2,62.7
2021-01-01,Dermatology,East of England,8321,7639,1255,26.3,91.8
2021-02-01,Orthopaedics,London,7853,7110,531,48.5,90.5
2021-02-01,Orthopaedics,Midlands,6377,5186,1691,33.4,81.3
2021-02-01,Orthopaedics,North West,2080,1480,348,13.7,71.2
2021-02-01,Orthopaedics,North East,3033,1682,65,43.6,55.5
2021-02-01,Orthopaedics,South East,2872,2544,734,48.8,88.6
2021-02-01,Orthopaedics,South West,1879,1695,491,26.4,90.2
2021-02-01,Orthopaedics,East of England,5776,4195,1149,20.6,72.6
2021-02-01,Cardiology,London,8040,6103,1708,30.6,75.9
2021-02-01,Cardiology,Midlands,5882,3254,635,47.5,55.3
2021-02-01,Cardiology,North West,8656,7338,256,42.8,84.8
2021-02-01,Cardiology,North East,5704,4223,1264,20.9,74.0
2021-02-01,Cardiology,South East,6724,4700,1636,10.8,69.9
2021-02-01,Cardiology,South West,6456,4240,763,47.2,65.7
2021-02-01,Cardiology,East of England,5356,3034,1123,25.5,56.6
2021-02-01,Neurology,London,3202,1868,83,13.1,58.3
2021-02-01,Neurology,Midlands,7614,5813,822,42.0,76.3
2021-02-01,Neurology,North West,1647,1141,267,27.3,69.3
2021-02-01,Neurology,North East,6854,4379,454,47.2,63.9
2021-02-01,Neurology,South East,8098,4536,1859,40.6,56.0
2021-02-01,Neurology,South West,4883,4413,270,37.7,90.4
2021-02-01,Neurology,East of England,4968,4479,817,28.1,90.2
2021-02-01,Ophthalmology,London,2628,1947,549,22.0,74.1
2021-02-01,Ophthalmology,Midlands,2698,1913,663,44.3,70.9
2021-02-01,Ophthalmology,North West,5362,4582,1297,32.4,85.5
2021-02-01,Ophthalmology,North East,7164,5507,464,23.9,76.9
2021-02-01,Ophthalmology,South East,2545,1430,453,25.2,56.2
2021-02-01,Ophthalmology,South West,1926,1686,257,14.6,87.5
2021-02-01,Ophthalmology,East of England,7477,6424,760,38.3,85.9
2021-02-01,General Surgery,London,7932,5397,1791,31.2,68.0
2021-02-01,General Surgery,Midlands,5904,4424,526,27.6,74.9
2021-02-01,General Surgery,North West,2484,1726,386,31.9,69.5
2021-02-01,General Surgery,North East,8337,4774,910,39.4,57.3
2021-02-01,General Surgery,South East,6348,4022,600,22.8,63.4
2021-02-01,General Surgery,South West,2129,1172,429,49.1,55.0
2021-02-01,General Surgery,East of England,7036,5774,1262,27.3,82.1
2021-02-01,Urology,London,7585,5882,1849,43.2,77.5
2021-02-01,Urology,Midlands,3483,2968,222,25.5,85.2
2021-02-01,Urology,North West,7650,7036,919,19.5,92.0
2021-02-01,Urology,North East,1996,1533,368,13.9,76.8
2021-02-01,Urology,South East,4719,3911,109,21.5,82.9
2021-02-01,Urology,South West,2376,1543,419,29.9,64.9
2021-02-01,Urology,East of England,6537,5050,606,39.1,77.3
2021-02-01,Gynaecology,London,6775,5130,1454,38.9,75.7
2021-02-01,Gynaecology,Midlands,6138,4214,1553,43.6,68.7
2021-02-01,Gynaecology,North West,8998,5548,384,42.6,61.7
2021-02-01,Gynaecology,North East,3250,2622,655,44.9,80.7
2021-02-01,Gynaecology,South East,8035,4510,249,16.4,56.1
2021-02-01,Gynaecology,South West,3893,3550,910,38.6,91.2
2021-02-01,Gynaecology,East of England,3418,2728,436,32.6,79.8
2021-02-01,ENT,London,8496,5868,501,41.9,69.1
2021-02-01,ENT,Midlands,3511,3108,77,41.8,88.5
2021-02-01,ENT,North West,7722,4279,1508,49.2,55.4
2021-02-01,ENT,North East,7534,5540,1476,32.0,73.5
2021-02-01,ENT,South East,5734,4065,549,29.9,70.9
2021-02-01,ENT,South West,3238,1995,711,32.7,61.6
2021-02-01,ENT,East of England,6413,4065,1536,42.8,63.4
2021-02-01,Gastroenterology,London,2251,1758,220,43.1,78.1
2021-02-01,Gastroenterology,Midlands,8762,5048,848,47.8,57.6
2021-02-01,Gastroenterology,North West,8094,6945,1993,11.3,85.8
2021-02-01,Gastroenterology,North East,1641,914,191,18.4,55.7
2021-02-01,Gastroenterology,South East,1690,1317,172,39.8,77.9
2021-02-01,Gastroenterology,South West,3036,2550,273,27.9,84.0
2021-02-01,Gastroenterology,East of England,1472,1178,53,18.9,80.0
2021-02-01,Dermatology,London,2251,2055,485,39.8,91.3
2021-02-01,Dermatology,Midlands,4228,3547,912,34.6,83.9
2021-02-01,Dermatology,North West,6409,5694,133,28.6,88.8
2021-02-01,Dermatology,North East,1801,1110,472,15.3,61.6
2021-02-01,Dermatology,South East,3853,2911,253,33.9,75.6
2021-02-01,Dermatology,South West,8283,6148,303,34.8,74.2
2021-02-01,Dermatology,East of England,1812,1419,283,38.1,78.3
2021-03-01,Orthopaedics,London,1715,1326,64,13.8,77.3
2021-03-01,Orthopaedics,Midlands,6120,3574,1034,35.5,58.4
2021-03-01,Orthopaedics,North West,5785,4366,1039,38.7,75.5
2021-03-01,Orthopaedics,North East,4575,3470,601,37.4,75.8
2021-03-01,Orthopaedics,South East,8991,5775,166,17.7,64.2
2021-03-01,Orthopaedics,South West,6195,3650,353,48.2,58.9
2021-03-01,Orthopaedics,East of England,6829,5987,471,34.1,87.7
2021-03-01,Cardiology,London,2536,1745,77,35.6,68.8
2021-03-01,Cardiology,Midlands,3403,3050,526,48.0,89.6
2021-03-01,Cardiology,North West,7723,6321,1340,40.1,81.8
2021-03-01,Cardiology,North East,1755,1397,251,40.2,79.6
2021-03-01,Cardiology,South East,7722,6790,303,42.8,87.9
2021-03-01,Cardiology,South West,7455,6354,1097,28.2,85.2
2021-03-01,Cardiology,East of England,6771,5200,1168,36.1,76.8
2021-03-01,Neurology,London,5430,4394,376,36.7,80.9
2021-03-01,Neurology,Midlands,6487,5673,1324,11.3,87.5
2021-03-01,Neurology,North West,6451,4059,556,20.6,62.9
2021-03-01,Neurology,North East,5490,3951,1112,34.8,72.0
2021-03-01,Neurology,South East,4231,2454,1090,44.0,58.0
2021-03-01,Neurology,South West,4271,2954,608,22.0,69.2
2021-03-01,Neurology,East of England,8202,5717,1209,20.8,69.7
2021-03-01,Ophthalmology,London,2523,1874,88,25.5,74.3
2021-03-01,Ophthalmology,Midlands,6040,4628,928,21.4,76.6
2021-03-01,Ophthalmology,North West,6557,5826,1538,12.2,88.9
2021-03-01,Ophthalmology,North East,7304,5245,1291,20.6,71.8
2021-03-01,Ophthalmology,South East,2773,1963,359,36.5,70.8
2021-03-01,Ophthalmology,South West,3884,2228,877,22.4,57.4
2021-03-01,Ophthalmology,East of England,8224,4589,771,30.7,55.8
2021-03-01,General Surgery,London,7999,5789,201,19.1,72.4
2021-03-01,General Surgery,Midlands,2919,2375,60,27.0,81.4
2021-03-01,General Surgery,North West,4386,2671,256,13.6,60.9
2021-03-01,General Surgery,North East,6409,5760,1321,39.3,89.9
2021-03-01,General Surgery,South East,2883,2445,57,47.4,84.8
2021-03-01,General Surgery,South West,5634,4172,861,24.9,74.1
2021-03-01,General Surgery,East of England,7542,4361,1794,43.6,57.8
2021-03-01,Urology,London,6103,5184,1319,35.8,84.9
2021-03-01,Urology,Midlands,3600,2653,918,45.5,73.7
2021-03-01,Urology,North West,3664,3240,137,43.6,88.4
2021-03-01,Urology,North East,2629,1953,573,45.8,74.3
2021-03-01,Urology,South East,6735,5225,393,37.5,77.6
2021-03-01,Urology,South West,6300,5147,724,30.2,81.7
2021-03-01,Urology,East of England,7412,4082,1475,39.8,55.1
2021-03-01,Gynaecology,London,7000,4618,1080,24.5,66.0
2021-03-01,Gynaecology,Midlands,2336,1493,250,15.0,63.9
2021-03-01,Gynaecology,North West,6802,4039,485,23.1,59.4
2021-03-01,Gynaecology,North East,5569,3565,475,24.1,64.0
2021-03-01,Gynaecology,South East,7655,6928,1326,32.9,90.5
2021-03-01,Gynaecology,South West,7488,5306,1155,38.4,70.9
2021-03-01,Gynaecology,East of England,2246,1404,225,32.4,62.5
2021-03-01,ENT,London,4896,3836,745,15.4,78.3
2021-03-01,ENT,Midlands,7538,5086,407,38.2,67.5
2021-03-01,ENT,North West,8938,5293,1883,37.7,59.2
2021-03-01,ENT,North East,2908,2623,621,35.0,90.2
2021-03-01,ENT,South East,1890,1371,301,35.7,72.5
2021-03-01,ENT,South West,5873,4783,1410,39.8,81.4
2021-03-01,ENT,East of England,3412,2552,780,43.3,74.8
2021-03-01,Gastroenterology,London,5889,4295,601,42.1,72.9
2021-03-01,Gastroenterology,Midlands,2730,2017,613,26.8,73.9
2021-03-01,Gastroenterology,North West,8215,5763,1488,11.4,70.2
2021-03-01,Gastroenterology,North East,2129,1331,74,45.5,62.5
2021-03-01,Gastroenterology,South East,6413,3958,1316,44.4,61.7
2021-03-01,Gastroenterology,South West,6609,6035,869,31.1,91.3
2021-03-01,Gastroenterology,East of England,5727,3640,1463,12.5,63.6
2021-03-01,Dermatology,London,5706,3603,606,25.6,63.1
2021-03-01,Dermatology,Midlands,6157,4239,684,12.6,68.8
2021-03-01,Dermatology,North West,6238,5575,708,43.7,89.4
2021-03-01,Dermatology,North East,3742,2728,72,42.7,72.9
2021-03-01,Dermatology,South East,7875,5929,273,41.2,75.3
2021-03-01,Dermatology,South West,1888,1421,281,24.7,75.3
2021-03-01,Dermatology,East of England,4145,3074,221,37.4,74.2
2021-04-01,Orthopaedics,London,1517,1250,92,18.5,82.4
2021-04-01,Orthopaedics,Midlands,1834,1273,106,21.0,69.4
2021-04-01,Orthopaedics,North West,3222,2483,589,46.0,77.1
2021-04-01,Orthopaedics,North East,7840,5883,1639,23.0,75.0
2021-04-01,Orthopaedics,South East,7768,6331,670,18.8,81.5
2021-04-01,Orthopaedics,South West,3157,2742,747,39.5,86.9
2021-04-01,Orthopaedics,East of England,7340,5552,1213,16.1,75.6
2021-04-01,Cardiology,London,2106,1798,387,42.3,85.4
2021-04-01,Cardiology,Midlands,2129,1603,324,36.0,75.3
2021-04-01,Cardiology,North West,8701,6834,868,21.5,78.5
2021-04-01,Cardiology,North East,8618,6954,630,34.4,80.7
2021-04-01,Cardiology,South East,6922,5796,1557,29.1,83.7
2021-04-01,Cardiology,South West,6721,4163,270,38.5,61.9
2021-04-01,Cardiology,East of England,1805,1093,131,29.2,60.6
2021-04-01,Neurology,London,6085,3422,1457,20.4,56.2
2021-04-01,Neurology,Midlands,4212,3298,986,41.8,78.3
2021-04-01,Neurology,North West,5225,3262,771,40.0,62.4
2021-04-01,Neurology,North East,8998,7168,375,40.4,79.7
2021-04-01,Neurology,South East,3609,2928,944,43.5,81.1
2021-04-01,Neurology,South West,4455,2988,920,42.7,67.1
2021-04-01,Neurology,East of England,5949,3284,805,33.4,55.2
2021-04-01,Ophthalmology,London,7687,5397,390,11.7,70.2
2021-04-01,Ophthalmology,Midlands,8226,7108,989,11.3,86.4
2021-04-01,Ophthalmology,North West,6570,3651,146,47.1,55.6
2021-04-01,Ophthalmology,North East,7747,6445,215,43.9,83.2
2021-04-01,Ophthalmology,South East,3704,2044,942,27.2,55.2
2021-04-01,Ophthalmology,South West,7192,5517,1182,50.0,76.7
2021-04-01,Ophthalmology,East of England,1472,1050,288,26.2,71.3
2021-04-01,General Surgery,London,5504,4795,624,25.5,87.1
2021-04-01,General Surgery,Midlands,6096,4542,434,50.2,74.5
2021-04-01,General Surgery,North West,6528,4783,1533,29.1,73.3
2021-04-01,General Surgery,North East,3306,1883,438,37.5,57.0
2021-04-01,General Surgery,South East,3416,2090,492,38.2,61.2
2021-04-01,General Surgery,South West,6667,5266,582,17.0,79.0
2021-04-01,General Surgery,East of England,4460,2789,127,33.8,62.5
2021-04-01,Urology,London,8978,8089,298,37.9,90.1
2021-04-01,Urology,Midlands,8640,6701,1678,44.0,77.6
2021-04-01,Urology,North West,3493,2807,864,36.1,80.4
2021-04-01,Urology,North East,1600,1117,90,33.5,69.8
2021-04-01,Urology,South East,6460,5088,244,40.1,78.8
2021-04-01,Urology,South West,6701,4565,208,12.1,68.1
2021-04-01,Urology,East of England,5736,5024,1379,36.9,87.6
2021-04-01,Gynaecology,London,6058,4456,1599,37.9,73.6
2021-04-01,Gynaecology,Midlands,5403,4445,487,42.6,82.3
2021-04-01,Gynaecology,North West,5506,3468,1058,34.7,63.0
2021-04-01,Gynaecology,North East,3654,3155,123,24.1,86.3
2021-04-01,Gynaecology,South East,8380,7252,2131,14.2,86.5
2021-04-01,Gynaecology,South West,4222,3555,518,17.5,84.2
2021-04-01,Gynaecology,East of England,2811,2033,240,14.8,72.3
2021-04-01,ENT,London,7119,6478,1490,49.1,91.0
2021-04-01,ENT,Midlands,5225,3174,366,35.8,60.7
2021-04-01,ENT,North West,2989,1666,676,25.3,55.7
2021-04-01,ENT,North East,2584,1710,681,17.5,66.2
2021-04-01,ENT,South East,7896,4772,823,45.0,60.4
2021-04-01,ENT,South West,8578,5579,367,43.6,65.0
2021-04-01,ENT,East of England,8830,6697,1947,16.2,75.8
2021-04-01,Gastroenterology,London,3760,2771,204,35.5,73.7
2021-04-01,Gastroenterology,Midlands,7169,4405,1710,28.3,61.4
2021-04-01,Gastroenterology,North West,6447,4276,1452,13.1,66.3
2021-04-01,Gastroenterology,North East,1845,1327,370,33.5,71.9
2021-04-01,Gastroenterology,South East,7635,7000,1415,18.7,91.7
2021-04-01,Gastroenterology,South West,4186,3603,1119,46.0,86.1
2021-04-01,Gastroenterology,East of England,8283,6157,1131,36.8,74.3
2021-04-01,Dermatology,London,8487,6185,1945,25.1,72.9
2021-04-01,Dermatology,Midlands,1846,1561,90,38.5,84.6
2021-04-01,Dermatology,North West,1774,1476,88,18.6,83.2
2021-04-01,Dermatology,North East,2966,2528,434,40.0,85.2
2021-04-01,Dermatology,South East,4825,4206,576,49.2,87.2
2021-04-01,Dermatology,South West,6645,5281,356,33.4,79.5
2021-04-01,Dermatology,East of England,1834,1120,427,30.2,61.1
2021-05-01,Orthopaedics,London,6453,5705,1098,33.6,88.4
2021-05-01,Orthopaedics,Midlands,5569,4240,300,25.6,76.1
2021-05-01,Orthopaedics,North West,8067,7239,1962,24.2,89.7
2021-05-01,Orthopaedics,North East,2926,2524,639,17.7,86.3
2021-05-01,Orthopaedics,South East,7588,4244,619,31.4,55.9
2021-05-01,Orthopaedics,South West,7844,6023,1627,35.5,76.8
2021-05-01,Orthopaedics,East of England,6813,5745,1199,40.5,84.3
2021-05-01,Cardiology,London,4991,3235,787,18.7,64.8
2021-05-01,Cardiology,Midlands,7072,4509,1817,48.2,63.8
2021-05-01,Cardiology,North West,2028,1271,158,46.8,62.7
2021-05-01,Cardiology,North East,4176,3490,814,35.2,83.6
2021-05-01,Cardiology,South East,6489,4601,1092,50.4,70.9
2021-05-01,Cardiology,South West,2334,1627,528,17.6,69.7
2021-05-01,Cardiology,East of England,4404,2976,645,35.2,67.6
2021-05-01,Neurology,London,6409,5359,314,35.6,83.6
2021-05-01,Neurology,Midlands,4766,3393,1093,17.2,71.2
2021-05-01,Neurology,North West,6454,5349,466,24.1,82.9
2021-05-01,Neurology,North East,4147,3467,1030,18.3,83.6
2021-05-01,Neurology,South East,4482,2752,509,42.5,61.4
2021-05-01,Neurology,South West,3027,2505,150,41.4,82.8
2021-05-01,Neurology,East of England,5873,4439,1373,43.9,75.6
2021-05-01,Ophthalmology,London,4303,2983,149,11.6,69.3
2021-05-01,Ophthalmology,Midlands,1783,1265,71,22.0,70.9
2021-05-01,Ophthalmology,North West,5374,3537,546,22.4,65.8
2021-05-01,Ophthalmology,North East,8998,8055,763,35.0,89.5
2021-05-01,Ophthalmology,South East,7232,4492,668,35.3,62.1
2021-05-01,Ophthalmology,South West,8274,5400,736,48.9,65.3
2021-05-01,Ophthalmology,East of England,1992,1595,308,24.5,80.1
2021-05-01,General Surgery,London,6384,5849,616,24.3,91.6
2021-05-01,General Surgery,Midlands,4969,3364,1134,47.8,67.7
2021-05-01,General Surgery,North West,8649,4954,356,17.2,57.3
2021-05-01,General Surgery,North East,7484,4532,1960,28.5,60.6
2021-05-01,General Surgery,South East,3731,2058,123,46.6,55.2
2021-05-01,General Surgery,South West,3087,2558,505,46.6,82.9
2021-05-01,General Surgery,East of England,3290,1949,839,41.9,59.2
2021-05-01,Urology,London,3574,2246,661,27.1,62.8
2021-05-01,Urology,Midlands,5756,3925,1202,22.5,68.2
2021-05-01,Urology,North West,4519,3640,390,18.3,80.5
2021-05-01,Urology,North East,8586,5809,1084,43.7,67.7
2021-05-01,Urology,South East,8274,5081,1161,15.4,61.4
2021-05-01,Urology,South West,7225,6513,379,39.9,90.1
2021-05-01,Urology,East of England,3209,1903,499,46.5,59.3
2021-05-01,Gynaecology,London,3826,2125,629,15.0,55.5
2021-05-01,Gynaecology,Midlands,6431,4781,1249,27.1,74.3
2021-05-01,Gynaecology,North West,5373,3604,111,43.5,67.1
2021-05-01,Gynaecology,North East,5133,3010,190,25.1,58.6
2021-05-01,Gynaecology,South East,3708,2842,278,46.3,76.6
2021-05-01,Gynaecology,South West,2086,1172,383,31.9,56.2
2021-05-01,Gynaecology,East of England,8650,5309,1393,22.5,61.4
2021-05-01,ENT,London,2755,2517,229,49.2,91.4
2021-05-01,ENT,Midlands,4534,3076,139,12.9,67.8
2021-05-01,ENT,North West,4339,3227,316,50.0,74.4
2021-05-01,ENT,North East,5817,3743,951,25.0,64.3
2021-05-01,ENT,South East,3657,2114,891,42.2,57.8
2021-05-01,ENT,South West,8204,4669,1299,17.0,56.9
2021-05-01,ENT,East of England,1737,1255,242,44.1,72.3
2021-05-01,Gastroenterology,London,3711,2232,605,41.0,60.1
2021-05-01,Gastroenterology,Midlands,1922,1383,181,47.7,72.0
2021-05-01,Gastroenterology,North West,8821,7068,328,27.5,80.1
2021-05-01,Gastroenterology,North East,6976,4641,564,36.7,66.5
2021-05-01,Gastroenterology,South East,3979,3016,788,13.5,75.8
2021-05-01,Gastroenterology,South West,6721,4970,1431,12.5,73.9
2021-05-01,Gastroenterology,East of England,5878,3399,631,32.6,57.8
2021-05-01,Dermatology,London,5203,4429,895,25.6,85.1
2021-05-01,Dermatology,Midlands,3371,1986,362,27.2,58.9
2021-05-01,Dermatology,North West,3511,2786,125,26.5,79.4
2021-05-01,Dermatology,North East,8472,6403,214,46.7,75.6
2021-05-01,Dermatology,South East,3792,2812,746,14.6,74.2
2021-05-01,Dermatology,South West,8377,6874,2173,19.5,82.1
2021-05-01,Dermatology,East of England,8364,4755,1129,25.8,56.9
2021-06-01,Orthopaedics,London,5439,3566,123,12.9,65.6
2021-06-01,Orthopaedics,Midlands,4654,3245,335,25.7,69.7
2021-06-01,Orthopaedics,North West,4563,3915,390,24.6,85.8
2021-06-01,Orthopaedics,North East,4343,2561,510,17.0,59.0
2021-06-01,Orthopaedics,South East,5222,3354,452,12.0,64.2
2021-06-01,Orthopaedics,South West,2632,2005,146,6.9,76.2
2021-06-01,Orthopaedics,East of England,5170,2855,759,27.2,55.2
2021-06-01,Cardiology,London,2957,1882,116,24.9,63.6
2021-06-01,Cardiology,Midlands,4291,3059,122,14.4,71.3
2021-06-01,Cardiology,North West,4687,3039,696,6.6,64.8
2021-06-01,Cardiology,North East,3799,3016,403,8.6,79.4
2021-06-01,Cardiology,South East,2132,1315,207,10.9,61.7
2021-06-01,Cardiology,South West,4850,3648,331,9.5,75.2
2021-06-01,Cardiology,East of England,4179,2982,508,21.9,71.4
2021-06-01,Neurology,London,5674,3945,136,6.4,69.5
2021-06-01,Neurology,Midlands,2804,1707,159,7.7,60.9
2021-06-01,Neurology,North West,3146,2702,460,9.0,85.9
2021-06-01,Neurology,North East,4863,4237,679,15.2,87.1
2021-06-01,Neurology,South East,5025,2836,454,14.6,56.4
2021-06-01,Neurology,South West,2355,1932,335,23.2,82.0
2021-06-01,Neurology,East of England,1599,1026,172,14.0,64.2
2021-06-01,Ophthalmology,London,4069,3090,468,8.9,75.9
2021-06-01,Ophthalmology,Midlands,6256,3890,144,15.0,62.2
2021-06-01,Ophthalmology,North West,5753,4879,238,11.0,84.8
2021-06-01,Ophthalmology,North East,4976,2898,112,10.3,58.2
2021-06-01,Ophthalmology,South East,3489,2727,175,12.2,78.2
2021-06-01,Ophthalmology,South West,2299,1828,303,22.7,79.5
2021-06-01,Ophthalmology,East of England,6216,4326,523,9.6,69.6
2021-06-01,General Surgery,London,5059,4290,588,9.4,84.8
2021-06-01,General Surgery,Midlands,2583,1810,71,9.8,70.1
2021-06-01,General Surgery,North West,2273,1279,147,21.3,56.3
2021-06-01,General Surgery,North East,5587,4398,259,25.5,78.7
2021-06-01,General Surgery,South East,6264,4168,169,8.4,66.5
2021-06-01,General Surgery,South West,5467,4677,569,24.1,85.5
2021-06-01,General Surgery,East of England,3474,1968,353,17.8,56.6
2021-06-01,Urology,London,1400,1117,67,7.8,79.8
2021-06-01,Urology,Midlands,3876,2299,130,13.7,59.3
2021-06-01,Urology,North West,4274,3152,424,27.7,73.7
2021-06-01,Urology,North East,1413,1100,95,15.4,77.8
2021-06-01,Urology,South East,4111,3273,329,20.2,79.6
2021-06-01,Urology,South West,1357,962,66,8.8,70.9
2021-06-01,Urology,East of England,1482,1242,18,24.0,83.8
2021-06-01,Gynaecology,London,4490,3251,354,10.3,72.4
2021-06-01,Gynaecology,Midlands,6316,5298,763,19.3,83.9
2021-06-01,Gynaecology,North West,2510,1437,126,8.1,57.3
2021-06-01,Gynaecology,North East,1054,638,141,26.8,60.5
2021-06-01,Gynaecology,South East,3740,2580,112,6.4,69.0
2021-06-01,Gynaecology,South West,1615,1451,89,20.5,89.8
2021-06-01,Gynaecology,East of England,2856,1801,52,8.9,63.1
2021-06-01,ENT,London,1279,1105,20,22.2,86.4
2021-06-01,ENT,Midlands,3911,2416,364,15.1,61.8
2021-06-01,ENT,North West,3485,1934,74,11.7,55.5
2021-06-01,ENT,North East,6441,5395,671,21.9,83.8
2021-06-01,ENT,South East,2871,2284,416,7.1,79.6
2021-06-01,ENT,South West,4498,3433,400,17.0,76.3
2021-06-01,ENT,East of England,6210,4671,792,8.8,75.2
2021-06-01,Gastroenterology,London,4109,2878,123,21.7,70.0
2021-06-01,Gastroenterology,Midlands,4531,3661,616,23.4,80.8
2021-06-01,Gastroenterology,North West,4924,3946,701,12.5,80.1
2021-06-01,Gastroenterology,North East,1662,1379,35,26.3,83.0
2021-06-01,Gastroenterology,South East,4560,3577,424,6.4,78.4
2021-06-01,Gastroenterology,South West,4215,2822,434,18.2,67.0
2021-06-01,Gastroenterology,East of England,5757,3453,133,24.3,60.0
2021-06-01,Dermatology,London,1831,1222,247,20.2,66.7
2021-06-01,Dermatology,Midlands,3968,2355,39,21.7,59.3
2021-06-01,Dermatology,North West,2059,1554,63,8.0,75.5
2021-06-01,Dermatology,North East,2255,1986,282,25.8,88.1
2021-06-01,Dermatology,South East,1462,1243,93,20.7,85.0
2021-06-01,Dermatology,South West,4651,2971,108,12.9,63.9
2021-06-01,Dermatology,East of England,6341,5779,422,7.9,91.1
2021-07-01,Orthopaedics,London,4387,4028,401,23.9,91.8
2021-07-01,Orthopaedics,Midlands,3776,2742,206,16.8,72.6
2021-07-01,Orthopaedics,North West,2146,1721,116,8.9,80.2
2021-07-01,Orthopaedics,North East,4622,3531,494,21.4,76.4
2021-07-01,Orthopaedics,South East,5127,4345,356,27.9,84.7
2021-07-01,Orthopaedics,South West,1261,780,17,12.3,61.9
2021-07-01,Orthopaedics,East of England,3768,2758,457,11.1,73.2
2021-07-01,Cardiology,London,6290,3751,911,8.4,59.6
2021-07-01,Cardiology,Midlands,2403,1586,117,23.0,66.0
2021-07-01,Cardiology,North West,4678,2755,430,18.0,58.9
2021-07-01,Cardiology,North East,6298,3575,323,26.5,56.8
2021-07-01,Cardiology,South East,4494,3299,478,11.6,73.4
2021-07-01,Cardiology,South West,2655,2342,327,18.8,88.2
2021-07-01,Cardiology,East of England,6184,5445,126,26.0,88.0
2021-07-01,Neurology,London,5453,3382,590,18.2,62.0
2021-07-01,Neurology,Midlands,5764,5113,74,12.9,88.7
2021-07-01,Neurology,North West,3525,3210,446,12.7,91.1
2021-07-01,Neurology,North East,3851,3080,251,22.6,80.0
2021-07-01,Neurology,South East,1514,1004,93,18.1,66.3
2021-07-01,Neurology,South West,4258,2531,391,27.3,59.4
2021-07-01,Neurology,East of England,2236,1281,128,17.1,57.3
2021-07-01,Ophthalmology,London,4135,2367,330,8.3,57.2
2021-07-01,Ophthalmology,Midlands,3344,2278,221,8.5,68.1
2021-07-01,Ophthalmology,North West,2269,1248,217,19.6,55.0
2021-07-01,Ophthalmology,North East,1355,944,99,15.1,69.7
2021-07-01,Ophthalmology,South East,5707,4508,819,9.3,79.0
2021-07-01,Ophthalmology,South West,2943,2273,269,14.8,77.2
2021-07-01,Ophthalmology,East of England,1913,1141,124,9.6,59.6
2021-07-01,General Surgery,London,2225,1734,239,10.7,77.9
2021-07-01,General Surgery,Midlands,3793,2921,500,18.7,77.0
2021-07-01,General Surgery,North West,6026,3881,309,17.7,64.4
2021-07-01,General Surgery,North East,3469,2098,118,25.3,60.5
2021-07-01,General Surgery,South East,5493,3328,387,19.1,60.6
2021-07-01,General Surgery,South West,5748,5159,665,18.9,89.8
2021-07-01,General Surgery,East of England,5869,3663,317,23.4,62.4
2021-07-01,Urology,London,1939,1206,203,13.1,62.2
2021-07-01,Urology,Midlands,3485,3168,121,21.9,90.9
2021-07-01,Urology,North West,3295,2789,249,15.3,84.6
2021-07-01,Urology,North East,3744,2265,449,19.6,60.5
2021-07-01,Urology,South East,5582,5099,123,23.9,91.3
2021-07-01,Urology,South West,2579,1959,152,19.4,76.0
2021-07-01,Urology,East of England,6182,3666,171,10.2,59.3
2021-07-01,Gynaecology,London,3342,2768,457,24.4,82.8
2021-07-01,Gynaecology,Midlands,2197,1686,130,23.6,76.7
2021-07-01,Gynaecology,North West,2954,2527,290,23.3,85.5
2021-07-01,Gynaecology,North East,5272,2928,235,25.1,55.5
2021-07-01,Gynaecology,South East,2905,2043,34,16.5,70.3
2021-07-01,Gynaecology,South West,2278,1408,41,19.3,61.8
2021-07-01,Gynaecology,East of England,5101,3793,212,20.7,74.4
2021-07-01,ENT,London,6050,4727,70,9.1,78.1
2021-07-01,ENT,Midlands,4153,2659,389,14.5,64.0
2021-07-01,ENT,North West,5414,4002,420,14.4,73.9
2021-07-01,ENT,North East,6351,3949,485,6.2,62.2
2021-07-01,ENT,South East,1762,1329,146,27.9,75.4
2021-07-01,ENT,South West,3712,2807,535,7.1,75.6
2021-07-01,ENT,East of England,3720,3116,465,25.9,83.8
2021-07-01,Gastroenterology,London,2926,1658,416,24.5,56.7
2021-07-01,Gastroenterology,Midlands,4938,3540,697,27.6,71.7
2021-07-01,Gastroenterology,North West,3279,1953,270,11.4,59.6
2021-07-01,Gastroenterology,North East,4856,2776,518,22.0,57.2
2021-07-01,Gastroenterology,South East,5064,3052,321,18.2,60.3
2021-07-01,Gastroenterology,South West,4556,3639,153,7.2,79.9
2021-07-01,Gastroenterology,East of England,2442,1714,191,15.1,70.2
2021-07-01,Dermatology,London,4652,3135,161,8.2,67.4
2021-07-01,Dermatology,Midlands,1458,1323,126,27.2,90.7
2021-07-01,Dermatology,North West,4488,3282,151,7.1,73.1
2021-07-01,Dermatology,North East,2143,1811,224,18.0,84.5
2021-07-01,Dermatology,South East,3450,2895,245,19.8,83.9
2021-07-01,Dermatology,South West,5603,4703,834,11.3,83.9
2021-07-01,Dermatology,East of England,2926,2139,287,22.3,73.1
2021-08-01,Orthopaedics,London,5894,3278,219,23.8,55.6
2021-08-01,Orthopaedics,Midlands,5983,4220,544,24.3,70.5
2021-08-01,Orthopaedics,North West,4859,2794,171,27.1,57.5
2021-08-01,Orthopaedics,North East,1203,846,104,14.9,70.3
2021-08-01,Orthopaedics,South East,2815,2140,51,19.9,76.0
2021-08-01,Orthopaedics,South West,1929,1155,62,26.9,59.9
2021-08-01,Orthopaedics,East of England,6474,4600,180,15.0,71.1
2021-08-01,Cardiology,London,1853,1477,144,15.2,79.7
2021-08-01,Cardiology,Midlands,2575,2310,151,11.4,89.7
2021-08-01,Cardiology,North West,3562,2580,311,18.5,72.4
2021-08-01,Cardiology,North East,5146,4243,69,13.8,82.5
2021-08-01,Cardiology,South East,2434,1377,262,13.3,56.6
2021-08-01,Cardiology,South West,3842,2699,143,17.3,70.2
2021-08-01,Cardiology,East of England,5262,3153,245,15.2,59.9
2021-08-01,Neurology,London,5553,4480,197,13.0,80.7
2021-08-01,Neurology,Midlands,1424,1044,71,22.2,73.3
2021-08-01,Neurology,North West,2467,1890,349,9.8,76.6
2021-08-01,Neurology,North East,2831,1620,40,21.7,57.2
2021-08-01,Neurology,South East,3519,2465,292,25.7,70.0
2021-08-01,Neurology,South West,4258,3120,115,18.9,73.3
2021-08-01,Neurology,East of England,3329,2603,410,19.5,78.2
2021-08-01,Ophthalmology,London,4794,3651,169,11.9,76.2
2021-08-01,Ophthalmology,Midlands,2940,2035,208,19.1,69.2
2021-08-01,Ophthalmology,North West,3728,2638,358,7.8,70.8
2021-08-01,Ophthalmology,North East,4417,3611,521,21.7,81.8
2021-08-01,Ophthalmology,South East,1394,912,92,23.9,65.4
2021-08-01,Ophthalmology,South West,1709,1350,177,23.6,79.0
2021-08-01,Ophthalmology,East of England,2874,1863,162,18.3,64.8
2021-08-01,General Surgery,London,5371,4076,552,20.9,75.9
2021-08-01,General Surgery,Midlands,4383,2441,495,10.6,55.7
2021-08-01,General Surgery,North West,1125,639,47,25.7,56.8
2021-08-01,General Surgery,North East,2522,1387,344,6.5,55.0
2021-08-01,General Surgery,South East,2583,1898,269,11.3,73.5
2021-08-01,General Surgery,South West,6353,3588,519,21.0,56.5
2021-08-01,General Surgery,East of England,1782,1118,261,20.2,62.7
2021-08-01,Urology,London,2566,1777,159,25.5,69.3
2021-08-01,Urology,Midlands,1994,1606,289,14.7,80.5
2021-08-01,Urology,North West,5049,3576,497,22.0,70.8
2021-08-01,Urology,North East,5951,3960,415,20.2,66.5
2021-08-01,Urology,South East,2619,2056,172,6.1,78.5
2021-08-01,Urology,South West,2200,1371,263,26.0,62.3
2021-08-01,Urology,East of England,4122,3479,228,22.8,84.4
2021-08-01,Gynaecology,London,4832,3804,65,23.3,78.7
2021-08-01,Gynaecology,Midlands,2557,1866,64,11.5,73.0
2021-08-01,Gynaecology,North West,3321,2563,259,18.0,77.2
2021-08-01,Gynaecology,North East,3926,3406,510,22.8,86.8
2021-08-01,Gynaecology,South East,6229,5527,147,24.8,88.7
2021-08-01,Gynaecology,South West,5196,3495,416,20.2,67.3
2021-08-01,Gynaecology,East of England,5530,3286,296,23.7,59.4
2021-08-01,ENT,London,2585,1426,187,7.9,55.2
2021-08-01,ENT,Midlands,2609,1662,370,25.2,63.7
2021-08-01,ENT,North West,5177,3446,673,8.9,66.6
2021-08-01,ENT,North East,6198,4779,133,20.2,77.1
2021-08-01,ENT,South East,5077,4432,170,7.2,87.3
2021-08-01,ENT,South West,4069,3682,164,7.9,90.5
2021-08-01,ENT,East of England,5145,3150,653,18.1,61.2
2021-08-01,Gastroenterology,London,1935,1351,175,12.8,69.8
2021-08-01,Gastroenterology,Midlands,3972,2861,500,24.3,72.0
2021-08-01,Gastroenterology,North West,1522,1362,100,16.3,89.5
2021-08-01,Gastroenterology,North East,2848,2300,173,25.3,80.8
2021-08-01,Gastroenterology,South East,5848,3460,392,25.5,59.2
2021-08-01,Gastroenterology,South West,5135,4650,539,19.9,90.6
2021-08-01,Gastroenterology,East of England,5800,3723,822,12.6,64.2
2021-08-01,Dermatology,London,2317,2112,212,27.9,91.2
2021-08-01,Dermatology,Midlands,3519,2644,515,14.1,75.1
2021-08-01,Dermatology,North West,4135,2800,342,15.7,67.7
2021-08-01,Dermatology,North East,6237,3711,425,7.4,59.5
2021-08-01,Dermatology,South East,5770,4305,435,15.0,74.6
2021-08-01,Dermatology,South West,2398,1492,299,20.3,62.2
2021-08-01,Dermatology,East of England,2259,1625,103,22.5,71.9
2021-09-01,Orthopaedics,London,1814,1441,207,12.9,79.4
2021-09-01,Orthopaedics,Midlands,5890,3243,369,18.6,55.1
2021-09-01,Orthopaedics,North West,3296,2323,134,6.0,70.5
2021-09-01,Orthopaedics,North East,4496,3326,222,24.1,74.0
2021-09-01,Orthopaedics,South East,2918,2396,387,21.9,82.1
2021-09-01,Orthopaedics,South West,1705,1012,139,13.7,59.4
2021-09-01,Orthopaedics,East of England,3257,2687,356,11.2,82.5
2021-09-01,Cardiology,London,5603,3155,836,11.1,56.3
2021-09-01,Cardiology,Midlands,4837,3151,471,7.8,65.1
2021-09-01,Cardiology,North West,4603,3112,332,20.9,67.6
2021-09-01,Cardiology,North East,1592,1392,188,20.8,87.4
2021-09-01,Cardiology,South East,4691,3508,71,23.8,74.8
2021-09-01,Cardiology,South West,1228,1123,142,11.5,91.4
2021-09-01,Cardiology,East of England,1289,1131,84,25.0,87.7
2021-09-01,Neurology,London,3406,2763,198,6.2,81.1
2021-09-01,Neurology,Midlands,3467,3130,93,6.4,90.3
2021-09-01,Neurology,North West,4392,3760,44,12.8,85.6
2021-09-01,Neurology,North East,1352,812,115,10.1,60.1
2021-09-01,Neurology,South East,5938,3906,406,14.3,65.8
2021-09-01,Neurology,South West,5726,5220,704,22.2,91.2
2021-09-01,Neurology,East of England,4421,2606,634,7.3,58.9
2021-09-01,Ophthalmology,London,6019,5523,325,20.8,91.8
2021-09-01,Ophthalmology,Midlands,2639,2216,71,20.0,84.0
2021-09-01,Ophthalmology,North West,2996,2655,109,24.1,88.6
2021-09-01,Ophthalmology,North East,5652,3356,192,16.5,59.4
2021-09-01,Ophthalmology,South East,3056,1871,395,6.3,61.2
2021-09-01,Ophthalmology,South West,4803,2847,610,17.1,59.3
2021-09-01,Ophthalmology,East of England,6188,5241,911,19.3,84.7
2021-09-01,General Surgery,London,3841,2523,241,14.7,65.7
2021-09-01,General Surgery,Midlands,1463,1125,158,10.3,76.9
2021-09-01,General Surgery,North West,2475,1822,300,22.3,73.6
2021-09-01,General Surgery,North East,1206,732,104,7.9,60.7
2021-09-01,General Surgery,South East,2211,1554,34,12.0,70.3
2021-09-01,General Surgery,South West,6133,5537,363,6.9,90.3
2021-09-01,General Surgery,East of England,4508,3902,118,21.5,86.6
2021-09-01,Urology,London,3107,2662,252,19.6,85.7
2021-09-01,Urology,Midlands,5968,4994,345,19.8,83.7
2021-09-01,Urology,North West,4238,2559,598,26.2,60.4
2021-09-01,Urology,North East,4370,3738,469,26.3,85.5
2021-09-01,Urology,South East,1840,1239,99,20.0,67.3
2021-09-01,Urology,South West,5166,4024,648,21.2,77.9
2021-09-01,Urology,East of England,5158,3212,223,12.6,62.3
2021-09-01,Gynaecology,London,6436,4936,538,22.7,76.7
2021-09-01,Gynaecology,Midlands,1407,880,106,23.6,62.5
2021-09-01,Gynaecology,North West,1207,832,99,15.1,68.9
2021-09-01,Gynaecology,North East,5813,4668,78,21.2,80.3
2021-09-01,Gynaecology,South East,2329,2016,259,13.9,86.6
2021-09-01,Gynaecology,South West,5184,3593,110,9.2,69.3
2021-09-01,Gynaecology,East of England,3998,3454,262,11.4,86.4
2021-09-01,ENT,London,5876,3977,150,18.5,67.7
2021-09-01,ENT,Midlands,2492,1560,283,18.0,62.6
2021-09-01,ENT,North West,2241,1691,190,10.3,75.5
2021-09-01,ENT,North East,1683,1113,158,10.4,66.1
2021-09-01,ENT,South East,5050,4197,290,26.9,83.1
2021-09-01,ENT,South West,5298,3417,397,11.0,64.5
2021-09-01,ENT,East of England,4816,4286,333,13.5,89.0
2021-09-01,Gastroenterology,London,6483,5063,817,10.2,78.1
2021-09-01,Gastroenterology,Midlands,4754,3588,246,15.5,75.5
2021-09-01,Gastroenterology,North West,5937,4016,419,24.7,67.6
2021-09-01,Gastroenterology,North East,5493,5024,663,19.2,91.5
2021-09-01,Gastroenterology,South East,2429,2002,298,24.6,82.4
2021-09-01,Gastroenterology,South West,2537,1443,168,20.8,56.9
2021-09-01,Gastroenterology,East of England,4275,3274,320,19.6,76.6
2021-09-01,Dermatology,London,5124,4238,442,10.5,82.7
2021-09-01,Dermatology,Midlands,5189,3780,208,27.3,72.8
2021-09-01,Dermatology,North West,6026,4196,577,23.7,69.6
2021-09-01,Dermatology,North East,2551,2311,216,19.6,90.6
2021-09-01,Dermatology,South East,4863,3478,132,10.5,71.5
2021-09-01,Dermatology,South West,3586,2024,526,11.3,56.4
2021-09-01,Dermatology,East of England,2728,2235,256,22.1,81.9
2021-10-01,Orthopaedics,London,3035,2764,274,13.5,91.1
2021-10-01,Orthopaedics,Midlands,3031,2245,241,9.9,74.1
2021-10-01,Orthopaedics,North West,5055,3393,627,19.1,67.1
2021-10-01,Orthopaedics,North East,5098,3165,447,18.8,62.1
2021-10-01,Orthopaedics,South East,3810,3321,85,23.1,87.2
2021-10-01,Orthopaedics,South West,1614,1294,78,24.2,80.2
2021-10-01,Orthopaedics,East of England,1734,1459,46,9.1,84.1
2021-10-01,Cardiology,London,2563,2202,278,26.4,85.9
2021-10-01,Cardiology,Midlands,4862,3457,697,21.8,71.1
2021-10-01,Cardiology,North West,5879,3652,135,17.7,62.1
2021-10-01,Cardiology,North East,3556,2115,186,17.7,59.5
2021-10-01,Cardiology,South East,2171,1676,72,14.4,77.2
2021-10-01,Cardiology,South West,5203,3983,142,8.7,76.6
2021-10-01,Cardiology,East of England,1467,1128,54,20.7,76.9
2021-10-01,Neurology,London,5613,3138,251,15.0,55.9
2021-10-01,Neurology,Midlands,3216,1931,359,23.9,60.0
2021-10-01,Neurology,North West,2515,1556,55,15.6,61.9
2021-10-01,Neurology,North East,2016,1435,98,18.3,71.2
2021-10-01,Neurology,South East,2767,1593,373,14.5,57.6
2021-10-01,Neurology,South West,2689,2337,145,24.7,86.9
2021-10-01,Neurology,East of England,2949,1635,257,22.3,55.4
2021-10-01,Ophthalmology,London,2234,1497,232,13.4,67.0
2021-10-01,Ophthalmology,Midlands,1129,877,48,16.6,77.7
2021-10-01,Ophthalmology,North West,4652,2741,591,11.3,58.9
2021-10-01,Ophthalmology,North East,4069,2622,512,14.3,64.4
2021-10-01,Ophthalmology,South East,6064,4381,732,14.9,72.2
2021-10-01,Ophthalmology,South West,1340,1150,35,7.0,85.8
2021-10-01,Ophthalmology,East of England,3998,2257,291,18.7,56.5
2021-10-01,General Surgery,London,4509,3064,434,25.5,68.0
2021-10-01,General Surgery,Midlands,1440,845,168,27.3,58.7
2021-10-01,General Surgery,North West,5274,4002,434,12.3,75.9
2021-10-01,General Surgery,North East,5086,3984,375,16.6,78.3
2021-10-01,General Surgery,South East,2732,1770,92,8.1,64.8
2021-10-01,General Surgery,South West,1748,997,136,26.1,57.0
2021-10-01,General Surgery,East of England,1045,638,19,13.0,61.1
2021-10-01,Urology,London,4501,3406,369,8.2,75.7
2021-10-01,Urology,Midlands,4963,4094,419,24.9,82.5
2021-10-01,Urology,North West,4964,2876,524,26.5,57.9
2021-10-01,Urology,North East,5146,3488,76,22.4,67.8
2021-10-01,Urology,South East,1466,1026,195,20.3,70.0
2021-10-01,Urology,South West,5461,4456,262,13.0,81.6
2021-10-01,Urology,East of England,1890,1180,259,22.7,62.4
2021-10-01,Gynaecology,London,5493,3632,196,22.6,66.1
2021-10-01,Gynaecology,Midlands,4451,2792,478,26.8,62.7
2021-10-01,Gynaecology,North West,5894,3953,445,9.3,67.1
2021-10-01,Gynaecology,North East,3003,1883,84,10.5,62.7
2021-10-01,Gynaecology,South East,1370,969,122,6.5,70.7
2021-10-01,Gynaecology,South West,1371,1203,30,17.8,87.7
2021-10-01,Gynaecology,East of England,4936,3873,478,8.7,78.5
2021-10-01,ENT,London,4327,3877,498,26.7,89.6
2021-10-01,ENT,Midlands,4179,3555,99,15.4,85.1
2021-10-01,ENT,North West,2605,1752,281,22.8,67.3
2021-10-01,ENT,North East,2037,1872,29,11.2,91.9
2021-10-01,ENT,South East,4219,2420,270,12.2,57.4
2021-10-01,ENT,South West,2356,2152,235,21.8,91.3
2021-10-01,ENT,East of England,4964,3169,486,20.1,63.8
2021-10-01,Gastroenterology,London,2771,1709,395,10.8,61.7
2021-10-01,Gastroenterology,Midlands,6351,4136,590,16.8,65.1
2021-10-01,Gastroenterology,North West,1602,1321,67,7.3,82.5
2021-10-01,Gastroenterology,North East,5122,3365,316,20.6,65.7
2021-10-01,Gastroenterology,South East,4179,3773,548,18.7,90.3
2021-10-01,Gastroenterology,South West,2233,1574,241,15.0,70.5
2021-10-01,Gastroenterology,East of England,3959,2553,557,8.9,64.5
2021-10-01,Dermatology,London,4197,2367,258,27.5,56.4
2021-10-01,Dermatology,Midlands,2436,1803,316,16.3,74.0
2021-10-01,Dermatology,North West,5136,3843,567,15.8,74.8
2021-10-01,Dermatology,North East,5578,4630,593,25.0,83.0
2021-10-01,Dermatology,South East,2018,1468,39,18.1,72.7
2021-10-01,Dermatology,South West,3441,2817,455,10.9,81.9
2021-10-01,Dermatology,East of England,5352,4047,94,27.4,75.6
2021-11-01,Orthopaedics,London,1253,875,100,24.5,69.8
2021-11-01,Orthopaedics,Midlands,1562,1035,57,8.8,66.3
2021-11-01,Orthopaedics,North West,2167,1765,316,10.4,81.4
2021-11-01,Orthopaedics,North East,6021,3681,340,26.7,61.1
2021-11-01,Orthopaedics,South East,6435,5891,501,9.9,91.5
2021-11-01,Orthopaedics,South West,1627,1165,74,13.7,71.6
2021-11-01,Orthopaedics,East of England,4599,3416,126,27.2,74.3
2021-11-01,Cardiology,London,5133,3173,79,6.5,61.8
2021-11-01,Cardiology,Midlands,6453,3595,235,15.1,55.7
2021-11-01,Cardiology,North West,5417,3837,74,23.2,70.8
2021-11-01,Cardiology,North East,1618,1149,137,16.5,71.0
2021-11-01,Cardiology,South East,5378,3972,738,23.3,73.9
2021-11-01,Cardiology,South West,3985,3098,556,27.2,77.7
2021-11-01,Cardiology,East of England,2316,1317,200,25.6,56.9
2021-11-01,Neurology,London,5704,3438,520,12.2,60.3
2021-11-01,Neurology,Midlands,6388,4470,957,7.2,70.0
2021-11-01,Neurology,North West,1756,1066,125,17.2,60.7
2021-11-01,Neurology,North East,4590,2672,240,27.3,58.2
2021-11-01,Neurology,South East,1523,1159,209,6.1,76.1
2021-11-01,Neurology,South West,4058,3655,92,9.6,90.1
2021-11-01,Neurology,East of England,1448,1084,17,11.7,74.9
2021-11-01,Ophthalmology,London,1786,1437,205,10.7,80.5
2021-11-01,Ophthalmology,Midlands,2024,1516,171,14.9,74.9
2021-11-01,Ophthalmology,North West,5536,5046,716,17.0,91.1
2021-11-01,Ophthalmology,North East,4647,2657,223,8.3,57.2
2021-11-01,Ophthalmology,South East,3458,2561,513,19.4,74.1
2021-11-01,Ophthalmology,South West,1726,1493,214,6.3,86.5
2021-11-01,Ophthalmology,East of England,5467,3065,238,6.7,56.1
2021-11-01,General Surgery,London,3697,2736,449,13.4,74.0
2021-11-01,General Surgery,Midlands,5449,3374,627,11.2,61.9
2021-11-01,General Surgery,North West,3445,2131,122,17.3,61.9
2021-11-01,General Surgery,North East,3513,3189,316,25.0,90.8
2021-11-01,General Surgery,South East,1921,1676,84,15.9,87.2
2021-11-01,General Surgery,South West,2992,2440,185,8.0,81.6
2021-11-01,General Surgery,East of England,4212,3667,185,27.3,87.1
2021-11-01,Urology,London,4412,3325,361,21.2,75.4
2021-11-01,Urology,Midlands,5640,3776,758,9.5,67.0
2021-11-01,Urology,North West,4634,3727,223,22.2,80.4
2021-11-01,Urology,North East,4582,2700,572,9.1,58.9
2021-11-01,Urology,South East,2545,1696,200,13.1,66.6
2021-11-01,Urology,South West,4754,3159,696,15.0,66.4
2021-11-01,Urology,East of England,3723,2380,392,21.8,63.9
2021-11-01,Gynaecology,London,3694,2152,386,7.4,58.3
2021-11-01,Gynaecology,Midlands,5664,5182,277,14.7,91.5
2021-11-01,Gynaecology,North West,6050,3395,775,16.1,56.1
2021-11-01,Gynaecology,North East,3979,3185,106,7.5,80.0
2021-11-01,Gynaecology,South East,5153,3497,498,18.0,67.9
2021-11-01,Gynaecology,South West,5037,2937,554,12.0,58.3
2021-11-01,Gynaecology,East of England,1461,1194,16,17.2,81.7
2021-11-01,ENT,London,4397,3827,580,15.2,87.0
2021-11-01,ENT,Midlands,4122,2635,80,13.0,63.9
2021-11-01,ENT,North West,2992,1942,210,8.0,64.9
2021-11-01,ENT,North East,2096,1808,126,21.1,86.3
2021-11-01,ENT,South East,3337,2122,330,27.8,63.6
2021-11-01,ENT,South West,1124,755,120,22.9,67.2
2021-11-01,ENT,East of England,2847,1710,372,24.0,60.1
2021-11-01,Gastroenterology,London,4215,3452,451,27.7,81.9
2021-11-01,Gastroenterology,Midlands,3421,2013,306,17.7,58.8
2021-11-01,Gastroenterology,North West,6184,4701,299,16.4,76.0
2021-11-01,Gastroenterology,North East,1710,1268,189,9.8,74.2
2021-11-01,Gastroenterology,South East,3547,2779,293,7.1,78.3
2021-11-01,Gastroenterology,South West,6338,4213,224,17.1,66.5
2021-11-01,Gastroenterology,East of England,4274,2434,309,18.2,56.9
2021-11-01,Dermatology,London,3086,2756,405,21.6,89.3
2021-11-01,Dermatology,Midlands,2460,1627,334,19.8,66.1
2021-11-01,Dermatology,North West,5467,4309,693,18.7,78.8
2021-11-01,Dermatology,North East,6059,5141,274,24.1,84.8
2021-11-01,Dermatology,South East,2856,1656,202,12.4,58.0
2021-11-01,Dermatology,South West,4546,2946,320,28.0,64.8
2021-11-01,Dermatology,East of England,1151,702,28,9.2,61.0
2021-12-01,Orthopaedics,London,5900,4389,609,11.9,74.4
2021-12-01,Orthopaedics,Midlands,5519,3925,154,22.3,71.1
2021-12-01,Orthopaedics,North West,6152,3639,103,11.7,59.2
2021-12-01,Orthopaedics,North East,3096,2000,197,26.7,64.6
2021-12-01,Orthopaedics,South East,5766,4952,631,8.5,85.9
2021-12-01,Orthopaedics,South West,3546,3173,461,9.8,89.5
2021-12-01,Orthopaedics,East of England,6401,5724,86,21.3,89.4
2021-12-01,Cardiology,London,4992,4290,730,27.5,85.9
2021-12-01,Cardiology,Midlands,6294,5047,837,17.3,80.2
2021-12-01,Cardiology,North West,5410,4276,798,26.1,79.0
2021-12-01,Cardiology,North East,1813,1023,110,24.2,56.4
2021-12-01,Cardiology,South East,5694,4099,100,15.4,72.0
2021-12-01,Cardiology,South West,2614,2196,372,12.1,84.0
2021-12-01,Cardiology,East of England,1691,1512,96,26.1,89.4
2021-12-01,Neurology,London,1541,1120,92,21.0,72.7
2021-12-01,Neurology,Midlands,5007,4049,265,7.3,80.9
2021-12-01,Neurology,North West,1198,704,13,9.1,58.8
2021-12-01,Neurology,North East,1721,1232,127,7.7,71.6
2021-12-01,Neurology,South East,1608,1322,128,18.6,82.2
2021-12-01,Neurology,South West,5258,4716,311,15.8,89.7
2021-12-01,Neurology,East of England,5291,3286,128,26.0,62.1
2021-12-01,Ophthalmology,London,3616,2022,401,17.3,55.9
2021-12-01,Ophthalmology,Midlands,5424,3862,314,18.0,71.2
2021-12-01,Ophthalmology,North West,5384,4323,621,22.0,80.3
2021-12-01,Ophthalmology,North East,6077,3765,217,7.3,62.0
2021-12-01,Ophthalmology,South East,5999,3576,501,8.4,59.6
2021-12-01,Ophthalmology,South West,3993,2995,198,27.9,75.0
2021-12-01,Ophthalmology,East of England,3634,2034,410,19.8,56.0
2021-12-01,General Surgery,London,5318,4332,564,25.6,81.5
2021-12-01,General Surgery,Midlands,2424,1649,67,8.9,68.0
2021-12-01,General Surgery,North West,4399,3655,425,7.7,83.1
2021-12-01,General Surgery,North East,5586,3452,138,23.9,61.8
2021-12-01,General Surgery,South East,1866,1248,221,7.6,66.9
2021-12-01,General Surgery,South West,5811,4935,605,16.9,84.9
2021-12-01,General Surgery,East of England,2848,1882,36,15.5,66.1
2021-12-01,Urology,London,5653,3548,680,23.0,62.8
2021-12-01,Urology,Midlands,3426,3043,135,9.2,88.8
2021-12-01,Urology,North West,5743,5232,236,10.6,91.1
2021-12-01,Urology,North East,5774,4555,245,9.4,78.9
2021-12-01,Urology,South East,6324,4867,731,12.8,77.0
2021-12-01,Urology,South West,2758,2463,91,6.1,89.3
2021-12-01,Urology,East of England,2996,1974,178,18.4,65.9
2021-12-01,Gynaecology,London,5963,3865,807,8.3,64.8
2021-12-01,Gynaecology,Midlands,4292,2714,370,21.0,63.2
2021-12-01,Gynaecology,North West,3409,2728,178,10.1,80.0
2021-12-01,Gynaecology,North East,3747,2260,92,15.3,60.3
2021-12-01,Gynaecology,South East,3120,1839,216,16.0,58.9
2021-12-01,Gynaecology,South West,2511,1564,59,9.7,62.3
2021-12-01,Gynaecology,East of England,4080,2601,135,8.7,63.7
2021-12-01,ENT,London,3064,1945,124,7.2,63.5
2021-12-01,ENT,Midlands,3096,2007,47,16.0,64.8
2021-12-01,ENT,North West,1170,722,12,16.3,61.7
2021-12-01,ENT,North East,6272,5043,276,23.6,80.4
2021-12-01,ENT,South East,2020,1278,262,24.0,63.3
2021-12-01,ENT,South West,1742,1235,124,12.8,70.9
2021-12-01,ENT,East of England,5470,3207,398,26.7,58.6
2021-12-01,Gastroenterology,London,1509,1241,68,7.5,82.2
2021-12-01,Gastroenterology,Midlands,2407,1887,267,11.7,78.4
2021-12-01,Gastroenterology,North West,1925,1078,120,19.8,56.0
2021-12-01,Gastroenterology,North East,6260,5349,268,20.4,85.4
2021-12-01,Gastroenterology,South East,6444,3958,106,18.8,61.4
2021-12-01,Gastroenterology,South West,3061,2611,458,10.7,85.3
2021-12-01,Gastroenterology,East of England,2191,1742,318,26.1,79.5
2021-12-01,Dermatology,London,3541,2125,519,27.2,60.0
2021-12-01,Dermatology,Midlands,2411,1981,200,10.7,82.2
2021-12-01,Dermatology,North West,2407,2050,151,7.9,85.2
2021-12-01,Dermatology,North East,6444,4543,528,21.6,70.5
2021-12-01,Dermatology,South East,4578,3908,226,7.5,85.4
2021-12-01,Dermatology,South West,2090,1658,233,23.3,79.3
2021-12-01,Dermatology,East of England,4158,3051,532,15.8,73.4
2022-01-01,Orthopaedics,London,2798,2296,96,13.9,82.1
2022-01-01,Orthopaedics,Midlands,5124,3060,468,12.6,59.7
2022-01-01,Orthopaedics,North West,3039,2205,377,15.5,72.6
2022-01-01,Orthopaedics,North East,2093,1453,282,23.9,69.4
2022-01-01,Orthopaedics,South East,2999,2320,294,15.2,77.4
2022-01-01,Orthopaedics,South West,1814,1418,25,20.2,78.2
2022-01-01,Orthopaedics,East of England,5933,3782,235,22.2,63.7
2022-01-01,Cardiology,London,1743,1285,57,27.1,73.7
2022-01-01,Cardiology,Midlands,2727,1910,318,9.2,70.0
2022-01-01,Cardiology,North West,3734,2655,311,10.4,71.1
2022-01-01,Cardiology,North East,4238,2993,468,15.7,70.6
2022-01-01,Cardiology,South East,1515,1383,96,9.9,91.3
2022-01-01,Cardiology,South West,3838,3002,484,15.1,78.2
2022-01-01,Cardiology,East of England,4968,4326,515,15.9,87.1
2022-01-01,Neurology,London,3341,2704,59,26.1,80.9
2022-01-01,Neurology,Midlands,5964,5477,460,16.7,91.8
2022-01-01,Neurology,North West,4249,2794,559,25.9,65.8
2022-01-01,Neurology,North East,1176,959,108,16.8,81.5
2022-01-01,Neurology,South East,3356,2116,151,24.3,63.1
2022-01-01,Neurology,South West,3069,2293,302,17.9,74.7
2022-01-01,Neurology,East of England,2265,1560,54,19.7,68.9
2022-01-01,Ophthalmology,London,2882,2414,117,9.6,83.8
2022-01-01,Ophthalmology,Midlands,2206,1909,310,26.5,86.5
2022-01-01,Ophthalmology,North West,3871,2249,572,20.7,58.1
2022-01-01,Ophthalmology,North East,1953,1497,49,27.2,76.7
2022-01-01,Ophthalmology,South East,1196,975,142,20.8,81.5
2022-01-01,Ophthalmology,South West,3738,3290,78,13.3,88.0
2022-01-01,Ophthalmology,East of England,2594,1817,106,17.7,70.0
2022-01-01,General Surgery,London,3023,2558,388,20.0,84.6
2022-01-01,General Surgery,Midlands,4552,3196,194,6.4,70.2
2022-01-01,General Surgery,North West,3464,2038,375,12.6,58.8
2022-01-01,General Surgery,North East,5895,3257,620,24.2,55.3
2022-01-01,General Surgery,South East,3073,1871,370,19.6,60.9
2022-01-01,General Surgery,South West,2938,2292,156,14.1,78.0
2022-01-01,General Surgery,East of England,2896,2497,85,17.4,86.2
2022-01-01,Urology,London,1761,1283,238,26.0,72.9
2022-01-01,Urology,Midlands,4358,3906,547,23.4,89.6
2022-01-01,Urology,North West,5354,4018,779,9.3,75.0
2022-01-01,Urology,North East,2480,2237,42,9.3,90.2
2022-01-01,Urology,South East,4647,4214,224,14.8,90.7
2022-01-01,Urology,South West,1079,794,49,21.4,73.6
2022-01-01,Urology,East of England,4661,2648,437,13.5,56.8
2022-01-01,Gynaecology,London,4600,3452,341,17.0,75.0
2022-01-01,Gynaecology,Midlands,6412,5109,176,22.8,79.7
2022-01-01,Gynaecology,North West,2403,1753,74,20.3,73.0
2022-01-01,Gynaecology,North East,2103,1825,83,19.4,86.8
2022-01-01,Gynaecology,South East,4183,3295,488,18.9,78.8
2022-01-01,Gynaecology,South West,2636,1480,70,19.7,56.1
2022-01-01,Gynaecology,East of England,4309,3170,317,22.6,73.6
2022-01-01,ENT,London,3981,2995,344,8.0,75.2
2022-01-01,ENT,Midlands,1470,969,14,27.2,65.9
2022-01-01,ENT,North West,1985,1149,144,8.2,57.9
2022-01-01,ENT,North East,4598,3589,275,23.4,78.1
2022-01-01,ENT,South East,2083,1220,100,13.0,58.6
2022-01-01,ENT,South West,5461,4768,151,25.1,87.3
2022-01-01,ENT,East of England,5149,2916,259,15.9,56.6
2022-01-01,Gastroenterology,London,5894,5102,538,7.7,86.6
2022-01-01,Gastroenterology,Midlands,1560,1131,94,13.9,72.5
2022-01-01,Gastroenterology,North West,4725,3620,574,13.5,76.6
2022-01-01,Gastroenterology,North East,4306,3149,553,24.3,73.1
2022-01-01,Gastroenterology,South East,2464,1659,194,18.6,67.3
2022-01-01,Gastroenterology,South West,4651,4121,440,17.6,88.6
2022-01-01,Gastroenterology,East of England,2133,1361,304,12.7,63.8
2022-01-01,Dermatology,London,1617,1164,85,6.8,72.0
2022-01-01,Dermatology,Midlands,2723,2381,137,7.8,87.4
2022-01-01,Dermatology,North West,4745,3395,688,14.3,71.5
2022-01-01,Dermatology,North East,3390,2095,270,12.1,61.8
2022-01-01,Dermatology,South East,2455,1419,252,11.2,57.8
2022-01-01,Dermatology,South West,3643,3049,209,18.4,83.7
2022-01-01,Dermatology,East of England,2627,2336,240,16.2,88.9
2022-02-01,Orthopaedics,London,2527,1575,334,13.8,62.3
2022-02-01,Orthopaedics,Midlands,4525,3206,164,12.2,70.9
2022-02-01,Orthopaedics,North West,3326,2048,262,7.8,61.6
2022-02-01,Orthopaedics,North East,1683,1002,154,22.2,59.5
2022-02-01,Orthopaedics,South East,1478,882,204,16.9,59.7
2022-02-01,Orthopaedics,South West,2229,1826,187,10.4,81.9
2022-02-01,Orthopaedics,East of England,4819,2657,722,23.7,55.1
2022-02-01,Cardiology,London,5677,4388,635,8.5,77.3
2022-02-01,Cardiology,Midlands,5717,3746,358,22.6,65.5
2022-02-01,Cardiology,North West,3183,1980,171,19.7,62.2
2022-02-01,Cardiology,North East,4018,2820,565,20.0,70.2
2022-02-01,Cardiology,South East,4849,3503,294,8.4,72.2
2022-02-01,Cardiology,South West,2906,1725,336,8.1,59.4
2022-02-01,Cardiology,East of England,6215,4538,606,26.8,73.0
2022-02-01,Neurology,London,3283,2622,112,21.9,79.9
2022-02-01,Neurology,Midlands,1136,638,129,21.9,56.2
2022-02-01,Neurology,North West,2481,1817,345,6.3,73.2
2022-02-01,Neurology,North East,2566,1764,117,16.8,68.7
2022-02-01,Neurology,South East,1716,1073,153,20.3,62.5
2022-02-01,Neurology,South West,1354,884,83,9.5,65.3
2022-02-01,Neurology,East of England,3043,2267,269,9.8,74.5
2022-02-01,Ophthalmology,London,3454,2307,321,10.6,66.8
2022-02-01,Ophthalmology,Midlands,4542,2683,293,11.3,59.1
2022-02-01,Ophthalmology,North West,2910,2448,150,9.0,84.1
2022-02-01,Ophthalmology,North East,4806,2807,115,10.4,58.4
2022-02-01,Ophthalmology,South East,2431,1339,241,9.1,55.1
2022-02-01,Ophthalmology,South West,4057,3495,159,7.6,86.1
2022-02-01,Ophthalmology,East of England,4195,2309,567,17.5,55.0
2022-02-01,General Surgery,London,3851,3468,177,13.4,90.1
2022-02-01,General Surgery,Midlands,4306,3625,454,25.6,84.2
2022-02-01,General Surgery,North West,2329,1973,73,14.1,84.7
2022-02-01,General Surgery,North East,2736,1658,333,21.6,60.6
2022-02-01,General Surgery,South East,4319,2450,149,27.0,56.7
2022-02-01,General Surgery,South West,3641,2480,292,16.9,68.1
2022-02-01,General Surgery,East of England,2626,1982,90,14.3,75.5
2022-02-01,Urology,London,3143,2477,317,25.1,78.8
2022-02-01,Urology,Midlands,4708,3749,189,10.9,79.6
2022-02-01,Urology,North West,3776,2775,257,9.7,73.5
2022-02-01,Urology,North East,3926,3317,435,7.9,84.5
2022-02-01,Urology,South East,5083,3122,290,6.4,61.4
2022-02-01,Urology,South West,2618,1816,39,26.2,69.4
2022-02-01,Urology,East of England,3195,2745,128,8.7,85.9
2022-02-01,Gynaecology,London,3372,2092,251,25.9,62.0
2022-02-01,Gynaecology,Midlands,6100,5304,352,25.8,87.0
2022-02-01,Gynaecology,North West,1531,1040,214,7.4,67.9
2022-02-01,Gynaecology,North East,1331,1143,192,23.1,85.9
2022-02-01,Gynaecology,South East,3494,3012,130,24.2,86.2
2022-02-01,Gynaecology,South West,6221,4592,116,14.4,73.8
2022-02-01,Gynaecology,East of England,1701,1293,223,15.5,76.0
2022-02-01,ENT,London,3814,2647,546,13.0,69.4
2022-02-01,ENT,Midlands,5807,4694,296,20.8,80.8
2022-02-01,ENT,North West,4925,4029,264,23.2,81.8
2022-02-01,ENT,North East,2087,1522,248,14.4,72.9
2022-02-01,ENT,South East,4769,3512,56,14.0,73.6
2022-02-01,ENT,South West,3533,2416,294,20.8,68.4
2022-02-01,ENT,East of England,4654,3037,654,21.9,65.3
2022-02-01,Gastroenterology,London,1565,1042,34,21.1,66.6
2022-02-01,Gastroenterology,Midlands,5189,3545,107,15.4,68.3
2022-02-01,Gastroenterology,North West,2879,1789,411,15.0,62.1
2022-02-01,Gastroenterology,North East,5047,4403,218,27.5,87.2
2022-02-01,Gastroenterology,South East,2949,2209,239,11.3,74.9
2022-02-01,Gastroenterology,South West,2109,1291,77,16.1,61.2
2022-02-01,Gastroenterology,East of England,2076,1652,51,20.8,79.6
2022-02-01,Dermatology,London,3500,2992,239,7.6,85.5
2022-02-01,Dermatology,Midlands,1067,750,114,11.9,70.3
2022-02-01,Dermatology,North West,1288,711,106,6.8,55.2
2022-02-01,Dermatology,North East,2174,1555,157,27.0,71.5
2022-02-01,Dermatology,South East,2345,1559,92,24.7,66.5
2022-02-01,Dermatology,South West,4240,3046,387,13.8,71.8
2022-02-01,Dermatology,East of England,1328,977,24,26.2,73.6
2022-03-01,Orthopaedics,London,3296,2047,312,20.9,62.1
2022-03-01,Orthopaedics,Midlands,1903,1074,216,24.2,56.4
2022-03-01,Orthopaedics,North West,4769,3682,401,6.6,77.2
2022-03-01,Orthopaedics,North East,1167,1027,131,17.2,88.0
2022-03-01,Orthopaedics,South East,6444,5314,316,18.4,82.5
2022-03-01,Orthopaedics,South West,1548,1088,178,21.3,70.3
2022-03-01,Orthopaedics,East of England,2091,1492,185,24.7,71.4
2022-03-01,Cardiology,London,2546,1815,330,21.1,71.3
2022-03-01,Cardiology,Midlands,4526,3822,414,27.1,84.4
2022-03-01,Cardiology,North West,2640,2319,148,12.9,87.8
2022-03-01,Cardiology,North East,4820,4328,80,13.7,89.8
2022-03-01,Cardiology,South East,5463,3387,150,12.8,62.0
2022-03-01,Cardiology,South West,4595,3182,634,22.8,69.2
2022-03-01,Cardiology,East of England,1329,863,178,9.0,64.9
2022-03-01,Neurology,London,1332,861,94,9.5,64.6
2022-03-01,Neurology,Midlands,1311,908,157,16.8,69.3
2022-03-01,Neurology,North West,4683,3825,663,25.4,81.7
2022-03-01,Neurology,North East,2135,1233,206,20.6,57.8
2022-03-01,Neurology,South East,4729,2801,130,17.6,59.2
2022-03-01,Neurology,South West,3396,1894,377,6.7,55.8
2022-03-01,Neurology,East of England,6414,3869,961,19.7,60.3
2022-03-01,Ophthalmology,London,6071,3986,574,7.1,65.7
2022-03-01,Ophthalmology,Midlands,2195,1556,120,25.9,70.9
2022-03-01,Ophthalmology,North West,5185,4032,346,6.9,77.8
2022-03-01,Ophthalmology,North East,2913,2660,310,25.4,91.3
2022-03-01,Ophthalmology,South East,2113,1371,261,7.2,64.9
2022-03-01,Ophthalmology,South West,5172,3527,240,26.8,68.2
2022-03-01,Ophthalmology,East of England,3283,2604,411,20.2,79.3
2022-03-01,General Surgery,London,1931,1722,159,8.6,89.2
2022-03-01,General Surgery,Midlands,3604,2981,403,19.9,82.7
2022-03-01,General Surgery,North West,3936,3071,44,10.3,78.0
2022-03-01,General Surgery,North East,4600,3182,319,21.7,69.2
2022-03-01,General Surgery,South East,4215,2420,458,11.2,57.4
2022-03-01,General Surgery,South West,6427,5832,181,14.2,90.7
2022-03-01,General Surgery,East of England,1736,1048,144,27.2,60.4
2022-03-01,Urology,London,4126,2391,315,6.2,57.9
2022-03-01,Urology,Midlands,1084,920,127,26.1,84.9
2022-03-01,Urology,North West,3065,2081,426,10.5,67.9
2022-03-01,Urology,North East,2884,1618,65,24.8,56.1
2022-03-01,Urology,South East,4882,4034,191,17.8,82.6
2022-03-01,Urology,South West,3079,1950,122,23.4,63.3
2022-03-01,Urology,East of England,3721,2977,510,22.1,80.0
2022-03-01,Gynaecology,London,5722,3316,345,24.9,58.0
2022-03-01,Gynaecology,Midlands,5418,4787,756,6.2,88.4
2022-03-01,Gynaecology,North West,6354,4083,658,25.5,64.3
2022-03-01,Gynaecology,North East,1505,1225,146,27.4,81.4
2022-03-01,Gynaecology,South East,6104,5541,290,16.9,90.8
2022-03-01,Gynaecology,South West,5990,4533,481,9.2,75.7
2022-03-01,Gynaecology,East of England,1158,958,63,16.6,82.7
2022-03-01,ENT,London,2437,1573,33,12.3,64.5
2022-03-01,ENT,Midlands,6173,5119,887,11.3,82.9
2022-03-01,ENT,North West,1816,1407,120,20.9,77.5
2022-03-01,ENT,North East,6035,4114,649,18.3,68.2
2022-03-01,ENT,South East,6351,4480,563,6.1,70.5
2022-03-01,ENT,South West,2442,2139,51,21.5,87.6
2022-03-01,ENT,East of England,2811,1937,392,17.1,68.9
2022-03-01,Gastroenterology,London,4058,3646,460,7.9,89.8
2022-03-01,Gastroenterology,Midlands,6303,4487,362,21.8,71.2
2022-03-01,Gastroenterology,North West,1804,1519,132,12.6,84.2
2022-03-01,Gastroenterology,North East,5447,3969,352,26.0,72.9
2022-03-01,Gastroenterology,South East,3716,2390,516,18.8,64.3
2022-03-01,Gastroenterology,South West,3931,2963,559,10.7,75.4
2022-03-01,Gastroenterology,East of England,5938,4415,156,8.8,74.4
2022-03-01,Dermatology,London,4422,2751,97,19.3,62.2
2022-03-01,Dermatology,Midlands,2085,1174,50,22.0,56.3
2022-03-01,Dermatology,North West,5812,4465,402,10.4,76.8
2022-03-01,Dermatology,North East,4832,3384,376,17.9,70.0
2022-03-01,Dermatology,South East,1431,877,176,21.2,61.3
2022-03-01,Dermatology,South West,5253,4333,374,24.0,82.5
2022-03-01,Dermatology,East of England,3408,2713,284,20.1,79.6
2022-04-01,Orthopaedics,London,1965,1740,181,7.9,88.5
2022-04-01,Orthopaedics,Midlands,4202,3487,509,16.9,83.0
2022-04-01,Orthopaedics,North West,5452,3181,434,11.8,58.3
2022-04-01,Orthopaedics,North East,1823,1607,193,24.9,88.2
2022-04-01,Orthopaedics,South East,6220,4429,418,15.4,71.2
2022-04-01,Orthopaedics,South West,2425,1559,133,9.0,64.3
2022-04-01,Orthopaedics,East of England,2454,1869,176,13.6,76.2
2022-04-01,Cardiology,London,3894,3232,219,22.4,83.0
2022-04-01,Cardiology,Midlands,5138,4332,252,20.2,84.3
2022-04-01,Cardiology,North West,5411,3469,102,8.9,64.1
2022-04-01,Cardiology,North East,2640,2071,119,18.2,78.4
2022-04-01,Cardiology,South East,1587,1257,67,25.0,79.2
2022-04-01,Cardiology,South West,3424,2538,288,14.8,74.1
2022-04-01,Cardiology,East of England,3571,2864,139,23.6,80.2
2022-04-01,Neurology,London,6152,4029,476,21.8,65.5
2022-04-01,Neurology,Midlands,1111,861,70,12.7,77.5
2022-04-01,Neurology,North West,2004,1105,83,14.9,55.1
2022-04-01,Neurology,North East,1181,1006,165,18.0,85.2
2022-04-01,Neurology,South East,3529,3120,83,11.1,88.4
2022-04-01,Neurology,South West,1228,1049,159,15.1,85.4
2022-04-01,Neurology,East of England,5041,3646,467,25.5,72.3
2022-04-01,Ophthalmology,London,1671,1430,116,19.1,85.6
2022-04-01,Ophthalmology,Midlands,3979,2685,89,27.2,67.5
2022-04-01,Ophthalmology,North West,1349,971,55,26.5,72.0
2022-04-01,Ophthalmology,North East,3025,1843,268,26.8,60.9
2022-04-01,Ophthalmology,South East,2892,2541,207,9.1,87.9
2022-04-01,Ophthalmology,South West,2977,2507,296,24.8,84.2
2022-04-01,Ophthalmology,East of England,2121,1858,150,22.4,87.6
2022-04-01,General Surgery,London,1612,1318,41,17.4,81.8
2022-04-01,General Surgery,Midlands,5311,3090,54,15.9,58.2
2022-04-01,General Surgery,North West,5834,3591,805,16.2,61.6
2022-04-01,General Surgery,North East,3432,2647,323,7.4,77.1
2022-04-01,General Surgery,South East,5112,4524,748,11.1,88.5
2022-04-01,General Surgery,South West,3045,2044,78,25.1,67.1
2022-04-01,General Surgery,East of England,5302,3239,372,12.3,61.1
2022-04-01,Urology,London,2501,1795,371,7.2,71.8
2022-04-01,Urology,Midlands,3641,2576,317,19.2,70.7
2022-04-01,Urology,North West,5211,4366,738,25.0,83.8
2022-04-01,Urology,North East,1747,1316,219,12.7,75.3
2022-04-01,Urology,South East,2056,1348,297,12.9,65.6
2022-04-01,Urology,South West,6158,3516,156,10.8,57.1
2022-04-01,Urology,East of England,3829,2864,460,24.0,74.8
2022-04-01,Gynaecology,London,2230,1692,78,8.2,75.9
2022-04-01,Gynaecology,Midlands,3556,2832,437,17.2,79.6
2022-04-01,Gynaecology,North West,5203,3892,733,19.1,74.8
2022-04-01,Gynaecology,North East,2315,1686,191,27.5,72.8
2022-04-01,Gynaecology,South East,5393,3395,666,10.3,63.0
2022-04-01,Gynaecology,South West,2507,1494,362,12.4,59.6
2022-04-01,Gynaecology,East of England,5430,3165,443,26.2,58.3
2022-04-01,ENT,London,5180,3597,128,20.7,69.4
2022-04-01,ENT,Midlands,1427,1295,197,9.7,90.7
2022-04-01,ENT,North West,4795,3959,393,13.3,82.6
2022-04-01,ENT,North East,5904,4156,430,19.2,70.4
2022-04-01,ENT,South East,4621,2929,648,26.0,63.4
2022-04-01,ENT,South West,4362,3371,109,17.2,77.3
2022-04-01,ENT,East of England,6301,4107,865,19.9,65.2
2022-04-01,Gastroenterology,London,5480,4955,114,17.7,90.4
2022-04-01,Gastroenterology,Midlands,3731,3039,201,12.7,81.5
2022-04-01,Gastroenterology,North West,1907,1235,133,22.1,64.8
2022-04-01,Gastroenterology,North East,4241,2866,550,15.6,67.6
2022-04-01,Gastroenterology,South East,6282,3874,489,21.5,61.7
2022-04-01,Gastroenterology,South West,3837,2124,78,17.8,55.4
2022-04-01,Gastroenterology,East of England,3880,2141,547,8.3,55.2
2022-04-01,Dermatology,London,4304,3136,440,17.2,72.9
2022-04-01,Dermatology,Midlands,2720,1990,368,23.7,73.2
2022-04-01,Dermatology,North West,5198,3877,402,21.0,74.6
2022-04-01,Dermatology,North East,4626,2608,462,11.8,56.4
2022-04-01,Dermatology,South East,4378,3190,298,27.5,72.9
2022-04-01,Dermatology,South West,2728,1717,138,9.8,62.9
2022-04-01,Dermatology,East of England,5899,4403,140,23.9,74.6
2022-05-01,Orthopaedics,London,3347,2054,432,25.3,61.4
2022-05-01,Orthopaedics,Midlands,5127,3544,253,21.9,69.1
2022-05-01,Orthopaedics,North West,5830,4617,475,9.5,79.2
2022-05-01,Orthopaedics,North East,5132,2916,460,14.4,56.8
2022-05-01,Orthopaedics,South East,2866,1905,354,25.1,66.5
2022-05-01,Orthopaedics,South West,2199,1213,44,12.4,55.2
2022-05-01,Orthopaedics,East of England,3898,2340,163,25.4,60.0
2022-05-01,Cardiology,London,1891,1566,144,15.8,82.8
2022-05-01,Cardiology,Midlands,3198,2728,193,17.9,85.3
2022-05-01,Cardiology,North West,3931,3184,565,17.7,81.0
2022-05-01,Cardiology,North East,2745,2493,386,25.2,90.8
2022-05-01,Cardiology,South East,4486,2677,574,14.0,59.7
2022-05-01,Cardiology,South West,4780,3361,123,7.7,70.3
2022-05-01,Cardiology,East of England,5331,4199,687,12.4,78.8
2022-05-01,Neurology,London,3282,2810,387,6.9,85.6
2022-05-01,Neurology,Midlands,5118,3778,567,13.8,73.8
2022-05-01,Neurology,North West,5478,4791,85,23.7,87.5
2022-05-01,Neurology,North East,6338,5706,276,11.3,90.0
2022-05-01,Neurology,South East,6048,5332,402,16.0,88.2
2022-05-01,Neurology,South West,1051,712,101,6.9,67.7
2022-05-01,Neurology,East of England,3182,2184,339,14.5,68.6
2022-05-01,Ophthalmology,London,2997,2575,72,20.9,85.9
2022-05-01,Ophthalmology,Midlands,3205,1781,106,19.3,55.6
2022-05-01,Ophthalmology,North West,4063,2266,61,25.9,55.8
2022-05-01,Ophthalmology,North East,4901,3341,562,18.1,68.2
2022-05-01,Ophthalmology,South East,5554,5026,671,19.3,90.5
2022-05-01,Ophthalmology,South West,1846,1067,207,19.6,57.8
2022-05-01,Ophthalmology,East of England,5578,3087,687,11.7,55.3
2022-05-01,General Surgery,London,3698,2836,267,24.4,76.7
2022-05-01,General Surgery,Midlands,1561,1434,49,25.0,91.9
2022-05-01,General Surgery,North West,1387,1066,112,6.4,76.9
2022-05-01,General Surgery,North East,3282,1900,349,23.3,57.9
2022-05-01,General Surgery,South East,2704,1622,196,24.2,60.0
2022-05-01,General Surgery,South West,1840,1645,143,16.8,89.4
2022-05-01,General Surgery,East of England,1414,1015,124,14.9,71.8
2022-05-01,Urology,London,2889,1605,143,15.6,55.6
2022-05-01,Urology,Midlands,2657,1590,250,6.8,59.8
2022-05-01,Urology,North West,6199,3764,220,14.0,60.7
2022-05-01,Urology,North East,5727,4470,116,17.1,78.1
2022-05-01,Urology,South East,2787,1592,387,25.2,57.1
2022-05-01,Urology,South West,4150,3416,236,22.8,82.3
2022-05-01,Urology,East of England,2054,1497,206,6.4,72.9
2022-05-01,Gynaecology,London,4481,3333,222,6.8,74.4
2022-05-01,Gynaecology,Midlands,4943,3600,572,16.0,72.8
2022-05-01,Gynaecology,North West,3365,2894,341,12.1,86.0
2022-05-01,Gynaecology,North East,5788,3203,221,27.1,55.3
2022-05-01,Gynaecology,South East,3464,2150,186,16.7,62.1
2022-05-01,Gynaecology,South West,1175,752,156,15.2,64.0
2022-05-01,Gynaecology,East of England,2575,1618,63,21.1,62.8
2022-05-01,ENT,London,6494,5753,796,7.4,88.6
2022-05-01,ENT,Midlands,1158,685,136,16.8,59.2
2022-05-01,ENT,North West,6308,5522,425,16.6,87.5
2022-05-01,ENT,North East,1400,914,77,26.8,65.3
2022-05-01,ENT,South East,2129,1889,186,17.6,88.7
2022-05-01,ENT,South West,2674,2378,100,27.7,88.9
2022-05-01,ENT,East of England,2215,1321,315,8.9,59.6
2022-05-01,Gastroenterology,London,1272,721,123,19.8,56.7
2022-05-01,Gastroenterology,Midlands,2044,1506,42,12.7,73.7
2022-05-01,Gastroenterology,North West,4976,4375,238,24.1,87.9
2022-05-01,Gastroenterology,North East,1177,786,132,12.3,66.8
2022-05-01,Gastroenterology,South East,2164,1246,283,17.0,57.6
2022-05-01,Gastroenterology,South West,6263,5092,108,24.9,81.3
2022-05-01,Gastroenterology,East of England,3136,2029,137,16.6,64.7
2022-05-01,Dermatology,London,2468,1673,303,13.8,67.8
2022-05-01,Dermatology,Midlands,5922,5430,697,10.6,91.7
2022-05-01,Dermatology,North West,2241,1426,150,23.2,63.6
2022-05-01,Dermatology,North East,4130,3001,313,9.9,72.7
2022-05-01,Dermatology,South East,5148,3787,487,18.3,73.6
2022-05-01,Dermatology,South West,4482,3721,520,23.8,83.0
2022-05-01,Dermatology,East of England,5686,3680,235,16.2,64.7
2022-06-01,Orthopaedics,London,1753,1578,108,9.0,90.0
2022-06-01,Orthopaedics,Midlands,3265,2924,116,11.6,89.6
2022-06-01,Orthopaedics,North West,3975,2749,481,16.0,69.2
2022-06-01,Orthopaedics,North East,1423,1232,169,8.3,86.6
2022-06-01,Orthopaedics,South East,1461,1189,206,26.1,81.4
2022-06-01,Orthopaedics,South West,2028,1845,144,17.9,91.0
2022-06-01,Orthopaedics,East of England,5476,3528,712,18.0,64.4
2022-06-01,Cardiology,London,2429,1644,215,7.6,67.7
2022-06-01,Cardiology,Midlands,5831,3306,502,13.4,56.7
2022-06-01,Cardiology,North West,3779,2278,405,9.6,60.3
2022-06-01,Cardiology,North East,3066,2570,40,19.2,83.8
2022-06-01,Cardiology,South East,6061,3971,100,20.7,65.5
2022-06-01,Cardiology,South West,4947,3700,166,13.1,74.8
2022-06-01,Cardiology,East of England,3511,3105,192,18.2,88.4
2022-06-01,Neurology,London,5911,5399,872,26.3,91.3
2022-06-01,Neurology,Midlands,1219,817,151,15.0,67.0
2022-06-01,Neurology,North West,3313,2810,69,10.2,84.8
2022-06-01,Neurology,North East,2185,1563,158,25.7,71.5
2022-06-01,Neurology,South East,4075,3208,54,15.5,78.7
2022-06-01,Neurology,South West,6224,3640,723,19.3,58.5
2022-06-01,Neurology,East of England,1088,618,26,25.4,56.8
2022-06-01,Ophthalmology,London,3421,2519,295,12.2,73.6
2022-06-01,Ophthalmology,Midlands,6436,5545,715,7.7,86.2
2022-06-01,Ophthalmology,North West,4732,3727,436,25.7,78.8
2022-06-01,Ophthalmology,North East,3226,2356,196,20.1,73.0
2022-06-01,Ophthalmology,South East,3607,2825,183,14.2,78.3
2022-06-01,Ophthalmology,South West,3099,1750,427,24.3,56.5
2022-06-01,Ophthalmology,East of England,2308,1296,335,17.6,56.2
2022-06-01,General Surgery,London,1359,750,140,27.4,55.2
2022-06-01,General Surgery,Midlands,2454,1640,322,11.1,66.8
2022-06-01,General Surgery,North West,5777,3621,715,22.3,62.7
2022-06-01,General Surgery,North East,3780,3111,137,18.6,82.3
2022-06-01,General Surgery,South East,5993,4445,355,11.1,74.2
2022-06-01,General Surgery,South West,4984,3100,720,9.1,62.2
2022-06-01,General Surgery,East of England,6306,4392,675,16.8,69.6
2022-06-01,Urology,London,5993,4304,454,21.5,71.8
2022-06-01,Urology,Midlands,3850,2910,386,6.3,75.6
2022-06-01,Urology,North West,2806,2108,94,22.7,75.1
2022-06-01,Urology,North East,1144,1029,43,25.3,89.9
2022-06-01,Urology,South East,1907,1369,163,24.7,71.8
2022-06-01,Urology,South West,2585,1569,335,17.3,60.7
2022-06-01,Urology,East of England,2224,1794,183,12.6,80.7
2022-06-01,Gynaecology,London,4530,3504,122,7.7,77.4
2022-06-01,Gynaecology,Midlands,5903,4126,545,8.0,69.9
2022-06-01,Gynaecology,North West,3676,2704,437,24.5,73.6
2022-06-01,Gynaecology,North East,4015,2691,93,27.5,67.0
2022-06-01,Gynaecology,South East,2912,1977,323,7.8,67.9
2022-06-01,Gynaecology,South West,2533,1945,223,22.3,76.8
2022-06-01,Gynaecology,East of England,1641,1001,222,21.1,61.0
2022-06-01,ENT,London,6094,4031,595,9.3,66.1
2022-06-01,ENT,Midlands,1774,1241,108,10.8,70.0
2022-06-01,ENT,North West,2583,1894,146,7.6,73.3
2022-06-01,ENT,North East,4916,3475,356,11.6,70.7
2022-06-01,ENT,South East,4394,2912,467,25.0,66.3
2022-06-01,ENT,South West,5119,3159,112,21.7,61.7
2022-06-01,ENT,East of England,4002,2858,145,20.4,71.4
2022-06-01,Gastroenterology,London,2436,1839,204,22.2,75.5
2022-06-01,Gastroenterology,Midlands,4462,3549,460,12.3,79.5
2022-06-01,Gastroenterology,North West,4079,2520,287,24.0,61.8
2022-06-01,Gastroenterology,North East,5868,4357,765,6.1,74.3
2022-06-01,Gastroenterology,South East,2324,1827,47,9.0,78.6
2022-06-01,Gastroenterology,South West,3320,2999,392,24.5,90.3
2022-06-01,Gastroenterology,East of England,1626,1285,42,17.8,79.0
2022-06-01,Dermatology,London,6416,4617,672,16.9,72.0
2022-06-01,Dermatology,Midlands,4404,4049,418,14.9,91.9
2022-06-01,Dermatology,North West,5111,3417,764,24.6,66.9
2022-06-01,Dermatology,North East,6156,4259,782,20.3,69.2
2022-06-01,Dermatology,South East,4832,3905,245,13.4,80.8
2022-06-01,Dermatology,South West,6467,3604,592,21.4,55.7
2022-06-01,Dermatology,East of England,1652,916,218,15.8,55.4
2022-07-01,Orthopaedics,London,3516,2004,392,7.8,57.0
2022-07-01,Orthopaedics,Midlands,2328,1495,309,23.9,64.2
2022-07-01,Orthopaedics,North West,1125,986,158,24.9,87.6
2022-07-01,Orthopaedics,North East,3281,2011,157,10.7,61.3
2022-07-01,Orthopaedics,South East,2046,1506,268,27.0,73.6
2022-07-01,Orthopaedics,South West,2971,2230,376,8.8,75.1
2022-07-01,Orthopaedics,East of England,2996,1897,315,11.6,63.3
2022-07-01,Cardiology,London,2579,2306,327,27.9,89.4
2022-07-01,Cardiology,Midlands,5686,5150,669,16.7,90.6
2022-07-01,Cardiology,North West,2077,1361,90,23.3,65.5
2022-07-01,Cardiology,North East,4537,3040,503,20.5,67.0
2022-07-01,Cardiology,South East,1725,1413,102,19.5,81.9
2022-07-01,Cardiology,South West,4326,2817,555,15.4,65.1
2022-07-01,Cardiology,East of England,5843,3396,155,10.9,58.1
2022-07-01,Neurology,London,1579,1156,23,10.3,73.2
2022-07-01,Neurology,Midlands,2463,1723,160,10.2,70.0
2022-07-01,Neurology,North West,2705,2260,185,22.5,83.5
2022-07-01,Neurology,North East,3322,1884,395,11.6,56.7
2022-07-01,Neurology,South East,4156,3214,102,18.6,77.3
2022-07-01,Neurology,South West,2308,1807,168,10.1,78.3
2022-07-01,Neurology,East of England,6368,4747,786,22.2,74.5
2022-07-01,Ophthalmology,London,6321,4294,322,14.6,67.9
2022-07-01,Ophthalmology,Midlands,5046,4492,89,24.1,89.0
2022-07-01,Ophthalmology,North West,4145,2424,593,19.7,58.5
2022-07-01,Ophthalmology,North East,1747,1443,19,9.7,82.6
2022-07-01,Ophthalmology,South East,6150,5008,850,21.5,81.4
2022-07-01,Ophthalmology,South West,6055,4213,61,8.6,69.6
2022-07-01,Ophthalmology,East of England,4923,3937,336,22.1,80.0
2022-07-01,General Surgery,London,2529,1960,182,26.8,77.5
2022-07-01,General Surgery,Midlands,4373,3578,591,8.6,81.8
2022-07-01,General Surgery,North West,2939,1844,34,27.9,62.7
2022-07-01,General Surgery,North East,3273,2609,113,18.8,79.7
2022-07-01,General Surgery,South East,2559,2203,329,23.0,86.1
2022-07-01,General Surgery,South West,5584,3507,300,9.9,62.8
2022-07-01,General Surgery,East of England,5240,3652,232,15.9,69.7
2022-07-01,Urology,London,3888,2211,543,27.2,56.9
2022-07-01,Urology,Midlands,5382,4674,480,9.5,86.8
2022-07-01,Urology,North West,3330,2259,350,14.2,67.8
2022-07-01,Urology,North East,4212,3002,573,22.5,71.3
2022-07-01,Urology,South East,5257,4064,292,27.6,77.3
2022-07-01,Urology,South West,3220,2822,447,8.3,87.6
2022-07-01,Urology,East of England,3105,2734,454,7.0,88.1
2022-07-01,Gynaecology,London,1942,1256,64,21.2,64.7
2022-07-01,Gynaecology,Midlands,5977,3552,464,21.1,59.4
2022-07-01,Gynaecology,North West,2993,1726,91,7.6,57.7
2022-07-01,Gynaecology,North East,3468,2949,426,10.2,85.0
2022-07-01,Gynaecology,South East,3824,2778,382,6.8,72.6
2022-07-01,Gynaecology,South West,4647,4003,241,13.0,86.1
2022-07-01,Gynaecology,East of England,5372,3506,537,21.2,65.3
2022-07-01,ENT,London,4082,2762,480,18.3,67.7
2022-07-01,ENT,Midlands,5292,3944,436,18.7,74.5
2022-07-01,ENT,North West,1578,1173,80,11.9,74.3
2022-07-01,ENT,North East,5202,3193,474,18.2,61.4
2022-07-01,ENT,South East,6151,4519,295,9.7,73.5
2022-07-01,ENT,South West,3420,2941,68,25.4,86.0
2022-07-01,ENT,East of England,6250,4505,801,25.7,72.1
2022-07-01,Gastroenterology,London,3810,3098,91,6.7,81.3
2022-07-01,Gastroenterology,Midlands,5811,3959,98,6.7,68.1
2022-07-01,Gastroenterology,North West,3105,2583,264,24.5,83.2
2022-07-01,Gastroenterology,North East,2438,1635,173,12.1,67.1
2022-07-01,Gastroenterology,South East,1849,1054,55,21.3,57.0
2022-07-01,Gastroenterology,South West,5943,5435,520,26.5,91.5
2022-07-01,Gastroenterology,East of England,5417,3199,484,26.4,59.1
2022-07-01,Dermatology,London,3084,1805,214,26.5,58.5
2022-07-01,Dermatology,Midlands,2614,1947,77,6.0,74.5
2022-07-01,Dermatology,North West,4137,3614,367,17.4,87.4
2022-07-01,Dermatology,North East,2463,1426,232,9.6,57.9
2022-07-01,Dermatology,South East,1271,916,119,9.8,72.1
2022-07-01,Dermatology,South West,2615,1731,268,9.5,66.2
2022-07-01,Dermatology,East of England,6000,5274,496,18.4,87.9
2022-08-01,Orthopaedics,London,3927,2540,524,25.6,64.7
2022-08-01,Orthopaedics,Midlands,1808,1405,40,14.6,77.7
2022-08-01,Orthopaedics,North West,1283,1117,189,17.6,87.1
2022-08-01,Orthopaedics,North East,5605,4426,321,16.3,79.0
2022-08-01,Orthopaedics,South East,2121,1400,295,11.1,66.0
2022-08-01,Orthopaedics,South West,5960,4030,729,25.7,67.6
2022-08-01,Orthopaedics,East of England,1790,1403,90,20.0,78.4
2022-08-01,Cardiology,London,1599,1438,125,13.5,89.9
2022-08-01,Cardiology,Midlands,2886,1613,263,18.1,55.9
2022-08-01,Cardiology,North West,1615,1458,152,26.5,90.3
2022-08-01,Cardiology,North East,1129,978,118,10.1,86.6
2022-08-01,Cardiology,South East,1664,938,45,27.7,56.4
2022-08-01,Cardiology,South West,4799,3204,304,27.8,66.8
2022-08-01,Cardiology,East of England,2076,1530,266,11.3,73.7
2022-08-01,Neurology,London,6344,4932,490,16.1,77.7
2022-08-01,Neurology,Midlands,6403,4743,291,26.7,74.1
2022-08-01,Neurology,North West,2675,2032,159,14.4,76.0
2022-08-01,Neurology,North East,3252,2649,285,24.8,81.5
2022-08-01,Neurology,South East,3799,3416,216,18.3,89.9
2022-08-01,Neurology,South West,1071,749,29,23.9,69.9
2022-08-01,Neurology,East of England,2585,1926,265,10.6,74.5
2022-08-01,Ophthalmology,London,5144,4146,327,25.1,80.6
2022-08-01,Ophthalmology,Midlands,5909,3537,621,24.5,59.9
2022-08-01,Ophthalmology,North West,6267,4592,166,6.3,73.3
2022-08-01,Ophthalmology,North East,4988,3935,224,24.4,78.9
2022-08-01,Ophthalmology,South East,5337,3202,480,15.0,60.0
2022-08-01,Ophthalmology,South West,2671,1603,100,7.2,60.0
2022-08-01,Ophthalmology,East of England,2008,1111,196,13.0,55.3
2022-08-01,General Surgery,London,2078,1283,145,27.7,61.7
2022-08-01,General Surgery,Midlands,1214,937,144,22.5,77.2
2022-08-01,General Surgery,North West,5417,4767,460,18.0,88.0
2022-08-01,General Surgery,North East,4179,2896,420,7.0,69.3
2022-08-01,General Surgery,South East,5545,3242,453,18.4,58.5
2022-08-01,General Surgery,South West,5684,4665,362,26.8,82.1
2022-08-01,General Surgery,East of England,4412,3812,480,16.8,86.4
2022-08-01,Urology,London,6098,4274,338,23.2,70.1
2022-08-01,Urology,Midlands,4979,4218,80,27.8,84.7
2022-08-01,Urology,North West,2901,2466,64,23.7,85.0
2022-08-01,Urology,North East,5081,4171,358,21.0,82.1
2022-08-01,Urology,South East,1965,1575,53,8.5,80.2
2022-08-01,Urology,South West,2995,2130,437,6.8,71.1
2022-08-01,Urology,East of England,6185,5553,287,24.8,89.8
2022-08-01,Gynaecology,London,3237,2533,75,8.1,78.3
2022-08-01,Gynaecology,Midlands,2982,2298,170,11.8,77.1
2022-08-01,Gynaecology,North West,1609,952,95,28.0,59.2
2022-08-01,Gynaecology,North East,5967,4331,363,20.1,72.6
2022-08-01,Gynaecology,South East,5168,3243,156,25.9,62.8
2022-08-01,Gynaecology,South West,1680,1414,172,13.6,84.2
2022-08-01,Gynaecology,East of England,1895,1086,178,7.3,57.3
2022-08-01,ENT,London,1874,1603,258,25.4,85.5
2022-08-01,ENT,Midlands,4791,2901,73,25.3,60.6
2022-08-01,ENT,North West,2021,1845,274,8.8,91.3
2022-08-01,ENT,North East,6435,4193,93,15.2,65.2
2022-08-01,ENT,South East,3235,2059,70,11.7,63.6
2022-08-01,ENT,South West,2528,1873,79,26.3,74.1
2022-08-01,ENT,East of England,1424,1168,155,10.4,82.0
2022-08-01,Gastroenterology,London,3988,3305,289,12.8,82.9
2022-08-01,Gastroenterology,Midlands,2882,1929,367,12.5,66.9
2022-08-01,Gastroenterology,North West,2713,2333,275,11.0,86.0
2022-08-01,Gastroenterology,North East,1969,1526,174,27.1,77.5
2022-08-01,Gastroenterology,South East,6201,3891,457,26.0,62.7
2022-08-01,Gastroenterology,South West,5638,4534,131,26.3,80.4
2022-08-01,Gastroenterology,East of England,2693,1884,50,24.1,70.0
2022-08-01,Dermatology,London,2238,1277,233,24.5,57.1
2022-08-01,Dermatology,Midlands,4663,2946,488,23.0,63.2
2022-08-01,Dermatology,North West,4873,3793,360,25.7,77.8
2022-08-01,Dermatology,North East,4729,4073,577,15.0,86.1
2022-08-01,Dermatology,South East,6180,4327,776,11.0,70.0
2022-08-01,Dermatology,South West,6171,4860,273,8.4,78.8
2022-08-01,Dermatology,East of England,2285,1976,271,11.9,86.5
2022-09-01,Orthopaedics,London,4901,4460,721,11.9,91.0
2022-09-01,Orthopaedics,Midlands,5180,4550,125,22.4,87.8
2022-09-01,Orthopaedics,North West,5796,3485,161,9.9,60.1
2022-09-01,Orthopaedics,North East,2411,2139,244,23.0,88.7
2022-09-01,Orthopaedics,South East,2935,1979,125,16.6,67.4
2022-09-01,Orthopaedics,South West,2988,2594,81,15.5,86.8
2022-09-01,Orthopaedics,East of England,4693,4209,147,6.2,89.7
2022-09-01,Cardiology,London,3377,2273,246,18.6,67.3
2022-09-01,Cardiology,Midlands,2830,1692,311,7.5,59.8
2022-09-01,Cardiology,North West,2483,1625,217,22.1,65.4
2022-09-01,Cardiology,North East,2056,1839,294,14.0,89.4
2022-09-01,Cardiology,South East,6275,3947,155,21.0,62.9
2022-09-01,Cardiology,South West,5760,4298,392,24.7,74.6
2022-09-01,Cardiology,East of England,2806,2461,366,15.8,87.7
2022-09-01,Neurology,London,2657,2420,224,25.9,91.1
2022-09-01,Neurology,Midlands,3435,2409,394,8.5,70.1
2022-09-01,Neurology,North West,2104,1792,312,14.6,85.2
2022-09-01,Neurology,North East,5791,5230,796,27.2,90.3
2022-09-01,Neurology,South East,1335,1100,157,17.0,82.4
2022-09-01,Neurology,South West,4387,3689,54,16.6,84.1
2022-09-01,Neurology,East of England,6388,5263,343,24.2,82.4
2022-09-01,Ophthalmology,London,5561,4352,147,20.4,78.3
2022-09-01,Ophthalmology,Midlands,4990,2943,233,24.5,59.0
2022-09-01,Ophthalmology,North West,5431,4032,485,18.3,74.2
2022-09-01,Ophthalmology,North East,1483,850,97,27.2,57.3
2022-09-01,Ophthalmology,South East,3230,2259,428,15.1,69.9
2022-09-01,Ophthalmology,South West,4100,2309,357,21.6,56.3
2022-09-01,Ophthalmology,East of England,2847,1831,241,24.1,64.3
2022-09-01,General Surgery,London,1864,1675,226,10.0,89.9
2022-09-01,General Surgery,Midlands,3464,3020,95,20.9,87.2
2022-09-01,General Surgery,North West,5109,4629,141,15.3,90.6
2022-09-01,General Surgery,North East,2658,1819,46,21.1,68.4
2022-09-01,General Surgery,South East,4154,2584,516,23.7,62.2
2022-09-01,General Surgery,South West,4169,2663,426,26.0,63.9
2022-09-01,General Surgery,East of England,2380,1483,68,7.2,62.3
2022-09-01,Urology,London,5947,3607,116,27.9,60.7
2022-09-01,Urology,Midlands,2718,1645,118,26.6,60.5
2022-09-01,Urology,North West,4860,3329,642,14.7,68.5
2022-09-01,Urology,North East,2642,1655,166,13.0,62.6
2022-09-01,Urology,South East,4647,3557,494,18.5,76.5
2022-09-01,Urology,South West,4325,2684,289,26.6,62.1
2022-09-01,Urology,East of England,2002,1672,142,26.8,83.5
2022-09-01,Gynaecology,London,3983,2640,127,9.8,66.3
2022-09-01,Gynaecology,Midlands,2697,2213,165,8.3,82.1
2022-09-01,Gynaecology,North West,4641,3090,238,22.1,66.6
2022-09-01,Gynaecology,North East,1779,1507,58,11.5,84.7
2022-09-01,Gynaecology,South East,1391,945,121,13.9,67.9
2022-09-01,Gynaecology,South West,6475,4575,68,12.9,70.7
2022-09-01,Gynaecology,East of England,1196,801,30,15.7,67.0
2022-09-01,ENT,London,5434,4401,657,19.8,81.0
2022-09-01,ENT,Midlands,2665,2166,279,6.5,81.3
2022-09-01,ENT,North West,4882,3503,516,13.9,71.8
2022-09-01,ENT,North East,1669,943,107,23.4,56.5
2022-09-01,ENT,South East,5567,5077,63,19.7,91.2
2022-09-01,ENT,South West,4949,4296,223,27.6,86.8
2022-09-01,ENT,East of England,2536,1592,202,16.5,62.8
2022-09-01,Gastroenterology,London,3929,2211,215,19.1,56.3
2022-09-01,Gastroenterology,Midlands,4299,2945,411,21.3,68.5
2022-09-01,Gastroenterology,North West,5856,3454,115,19.0,59.0
2022-09-01,Gastroenterology,North East,4794,3788,157,6.7,79.0
2022-09-01,Gastroenterology,South East,2059,1435,28,13.4,69.7
2022-09-01,Gastroenterology,South West,5873,5128,329,18.9,87.3
2022-09-01,Gastroenterology,East of England,5860,4179,73,7.6,71.3
2022-09-01,Dermatology,London,5627,4004,674,8.1,71.2
2022-09-01,Dermatology,Midlands,1086,907,138,19.6,83.5
2022-09-01,Dermatology,North West,4585,3706,179,6.4,80.8
2022-09-01,Dermatology,North East,1216,899,53,8.7,73.9
2022-09-01,Dermatology,South East,6087,5069,907,22.7,83.3
2022-09-01,Dermatology,South West,1484,1077,71,6.6,72.6
2022-09-01,Dermatology,East of England,3859,3450,244,7.7,89.4
2022-10-01,Orthopaedics,London,4442,3852,352,8.9,86.7
2022-10-01,Orthopaedics,Midlands,1132,850,124,10.6,75.1
2022-10-01,Orthopaedics,North West,5600,3340,764,25.0,59.6
2022-10-01,Orthopaedics,North East,2836,1676,98,15.4,59.1
2022-10-01,Orthopaedics,South East,3510,2665,230,12.3,75.9
2022-10-01,Orthopaedics,South West,1635,1102,155,18.7,67.4
2022-10-01,Orthopaedics,East of England,2099,1585,73,16.3,75.5
2022-10-01,Cardiology,London,1580,1309,195,6.7,82.8
2022-10-01,Cardiology,Midlands,2129,1248,151,27.2,58.6
2022-10-01,Cardiology,North West,6125,4478,715,24.3,73.1
2022-10-01,Cardiology,North East,4890,3199,412,7.1,65.4
2022-10-01,Cardiology,South East,3285,2831,199,6.2,86.2
2022-10-01,Cardiology,South West,3978,3223,402,27.3,81.0
2022-10-01,Cardiology,East of England,4804,3741,124,9.4,77.9
2022-10-01,Neurology,London,4989,3476,569,18.8,69.7
2022-10-01,Neurology,Midlands,4897,3736,339,17.3,76.3
2022-10-01,Neurology,North West,2428,1862,46,24.3,76.7
2022-10-01,Neurology,North East,3575,2616,524,13.3,73.2
2022-10-01,Neurology,South East,2843,1658,269,8.0,58.3
2022-10-01,Neurology,South West,3143,2560,378,21.5,81.5
2022-10-01,Neurology,East of England,3253,2330,423,27.1,71.6
2022-10-01,Ophthalmology,London,4188,3207,357,16.0,76.6
2022-10-01,Ophthalmology,Midlands,1688,1459,117,7.5,86.4
2022-10-01,Ophthalmology,North West,5747,4273,334,27.9,74.4
2022-10-01,Ophthalmology,North East,1983,1649,285,25.5,83.2
2022-10-01,Ophthalmology,South East,4699,2873,537,14.3,61.1
2022-10-01,Ophthalmology,South West,1829,1620,125,23.2,88.6
2022-10-01,Ophthalmology,East of England,4585,2720,678,12.8,59.3
2022-10-01,General Surgery,London,4035,2264,442,7.0,56.1
2022-10-01,General Surgery,Midlands,5564,4835,804,11.4,86.9
2022-10-01,General Surgery,North West,2666,1488,265,15.1,55.8
2022-10-01,General Surgery,North East,5445,4500,94,17.9,82.6
2022-10-01,General Surgery,South East,3281,2517,152,27.7,76.7
2022-10-01,General Surgery,South West,3220,2059,157,25.7,63.9
2022-10-01,General Surgery,East of England,2867,2351,397,26.1,82.0
2022-10-01,Urology,London,5717,4504,362,27.0,78.8
2022-10-01,Urology,Midlands,5922,5232,283,23.7,88.3
2022-10-01,Urology,North West,4609,4160,111,12.8,90.3
2022-10-01,Urology,North East,2597,1711,31,10.8,65.9
2022-10-01,Urology,South East,2393,1365,41,26.0,57.0
2022-10-01,Urology,South West,5818,4657,483,23.2,80.0
2022-10-01,Urology,East of England,4999,4518,52,11.5,90.4
2022-10-01,Gynaecology,London,1069,956,118,22.8,89.4
2022-10-01,Gynaecology,Midlands,5457,4544,68,26.6,83.3
2022-10-01,Gynaecology,North West,5245,4457,151,16.3,85.0
2022-10-01,Gynaecology,North East,4321,3763,217,13.3,87.1
2022-10-01,Gynaecology,South East,5392,3243,70,25.1,60.1
2022-10-01,Gynaecology,South West,1437,954,70,27.4,66.4
2022-10-01,Gynaecology,East of England,4654,3749,559,8.6,80.6
2022-10-01,ENT,London,5194,4630,694,15.9,89.1
2022-10-01,ENT,Midlands,2590,1470,79,15.1,56.8
2022-10-01,ENT,North West,5717,4934,419,15.3,86.3
2022-10-01,ENT,North East,4414,3124,376,6.5,70.8
2022-10-01,ENT,South East,2298,1714,148,19.7,74.6
2022-10-01,ENT,South West,1890,1052,166,23.3,55.7
2022-10-01,ENT,East of England,4421,2961,128,25.5,67.0
2022-10-01,Gastroenterology,London,1813,1489,186,24.0,82.1
2022-10-01,Gastroenterology,Midlands,6069,5267,566,13.4,86.8
2022-10-01,Gastroenterology,North West,2307,1954,143,14.5,84.7
2022-10-01,Gastroenterology,North East,2926,2658,422,13.9,90.8
2022-10-01,Gastroenterology,South East,5761,4049,384,21.0,70.3
2022-10-01,Gastroenterology,South West,5717,3898,287,11.7,68.2
2022-10-01,Gastroenterology,East of England,4503,2760,610,20.4,61.3
2022-10-01,Dermatology,London,6098,4448,523,26.2,72.9
2022-10-01,Dermatology,Midlands,4539,3249,219,14.6,71.6
2022-10-01,Dermatology,North West,3022,1857,114,12.2,61.4
2022-10-01,Dermatology,North East,3292,2635,112,13.6,80.0
2022-10-01,Dermatology,South East,3976,2504,128,12.9,63.0
2022-10-01,Dermatology,South West,4496,2841,336,16.3,63.2
2022-10-01,Dermatology,East of England,1567,1311,190,17.8,83.7
2022-11-01,Orthopaedics,London,1978,1194,223,19.2,60.4
2022-11-01,Orthopaedics,Midlands,5090,4193,437,17.7,82.4
2022-11-01,Orthopaedics,North West,5378,4707,420,19.9,87.5
2022-11-01,Orthopaedics,North East,3528,2266,351,25.3,64.2
2022-11-01,Orthopaedics,South East,5093,3421,352,18.6,67.2
2022-11-01,Orthopaedics,South West,5223,3323,747,27.1,63.6
2022-11-01,Orthopaedics,East of England,5070,2816,165,27.9,55.5
2022-11-01,Cardiology,London,1324,974,170,6.4,73.6
2022-11-01,Cardiology,Midlands,4410,3730,257,11.7,84.6
2022-11-01,Cardiology,North West,1358,1085,55,6.8,79.9
2022-11-01,Cardiology,North East,6340,5387,556,26.8,85.0
2022-11-01,Cardiology,South East,1890,1659,113,14.3,87.8
2022-11-01,Cardiology,South West,5163,3883,451,16.9,75.2
2022-11-01,Cardiology,East of England,1419,1267,131,15.0,89.3
2022-11-01,Neurology,London,3894,2425,263,11.0,62.3
2022-11-01,Neurology,Midlands,3400,2434,289,10.5,71.6
2022-11-01,Neurology,North West,6043,5292,427,15.1,87.6
2022-11-01,Neurology,North East,1281,1130,179,27.1,88.2
2022-11-01,Neurology,South East,1311,1114,186,9.0,85.0
2022-11-01,Neurology,South West,2774,1745,51,13.2,62.9
2022-11-01,Neurology,East of England,5235,3166,344,25.9,60.5
2022-11-01,Ophthalmology,London,1471,1346,196,14.7,91.5
2022-11-01,Ophthalmology,Midlands,3737,2631,376,12.8,70.4
2022-11-01,Ophthalmology,North West,4160,2946,424,11.8,70.8
2022-11-01,Ophthalmology,North East,2363,1555,25,14.3,65.8
2022-11-01,Ophthalmology,South East,4292,3296,326,18.6,76.8
2022-11-01,Ophthalmology,South West,2822,1917,276,23.3,67.9
2022-11-01,Ophthalmology,East of England,1179,868,134,17.1,73.6
2022-11-01,General Surgery,London,2176,1779,267,12.4,81.8
2022-11-01,General Surgery,Midlands,2694,2311,307,24.6,85.8
2022-11-01,General Surgery,North West,4999,3721,533,25.4,74.4
2022-11-01,General Surgery,North East,6146,5253,648,21.4,85.5
2022-11-01,General Surgery,South East,3328,2991,421,19.7,89.9
2022-11-01,General Surgery,South West,5895,4018,293,9.9,68.2
2022-11-01,General Surgery,East of England,4462,2870,328,14.5,64.3
2022-11-01,Urology,London,5124,3729,372,8.7,72.8
2022-11-01,Urology,Midlands,2386,1833,224,15.2,76.8
2022-11-01,Urology,North West,6028,3835,679,6.7,63.6
2022-11-01,Urology,North East,4357,2637,106,8.7,60.5
2022-11-01,Urology,South East,4807,3728,180,11.5,77.6
2022-11-01,Urology,South West,4070,3680,527,11.1,90.4
2022-11-01,Urology,East of England,1860,1531,127,22.2,82.3
2022-11-01,Gynaecology,London,3062,2597,139,11.5,84.8
2022-11-01,Gynaecology,Midlands,1565,1319,43,14.8,84.3
2022-11-01,Gynaecology,North West,5093,3281,238,18.2,64.4
2022-11-01,Gynaecology,North East,4768,3220,121,12.1,67.5
2022-11-01,Gynaecology,South East,2658,2305,141,20.5,86.7
2022-11-01,Gynaecology,South West,2098,1520,166,22.1,72.4
2022-11-01,Gynaecology,East of England,4102,2428,237,27.2,59.2
2022-11-01,ENT,London,3909,2353,431,15.6,60.2
2022-11-01,ENT,Midlands,5842,4258,187,22.8,72.9
2022-11-01,ENT,North West,3591,2318,277,27.8,64.6
2022-11-01,ENT,North East,3815,2496,155,17.5,65.4
2022-11-01,ENT,South East,5302,3314,351,24.6,62.5
2022-11-01,ENT,South West,2471,1926,126,7.9,77.9
2022-11-01,ENT,East of England,4843,3303,439,13.5,68.2
2022-11-01,Gastroenterology,London,3313,2191,482,21.5,66.1
2022-11-01,Gastroenterology,Midlands,4130,2908,264,17.8,70.4
2022-11-01,Gastroenterology,North West,2650,1714,153,15.0,64.7
2022-11-01,Gastroenterology,North East,6398,3538,762,20.7,55.3
2022-11-01,Gastroenterology,South East,1523,1287,182,13.8,84.5
2022-11-01,Gastroenterology,South West,5495,3514,729,6.4,63.9
2022-11-01,Gastroenterology,East of England,2892,1788,236,27.8,61.8
2022-11-01,Dermatology,London,5073,2874,704,16.3,56.7
2022-11-01,Dermatology,Midlands,5886,4739,455,8.7,80.5
2022-11-01,Dermatology,North West,2524,1780,240,8.3,70.5
2022-11-01,Dermatology,North East,3157,2327,392,24.9,73.7
2022-11-01,Dermatology,South East,6184,5286,688,24.3,85.5
2022-11-01,Dermatology,South West,2130,1617,214,13.7,75.9
2022-11-01,Dermatology,East of England,1703,1021,177,6.1,60.0
2022-12-01,Orthopaedics,London,6128,4640,193,23.5,75.7
2022-12-01,Orthopaedics,Midlands,4490,2751,558,26.5,61.3
2022-12-01,Orthopaedics,North West,3827,2557,472,21.2,66.8
2022-12-01,Orthopaedics,North East,2003,1146,140,14.8,57.2
2022-12-01,Orthopaedics,South East,4117,2679,520,27.6,65.1
2022-12-01,Orthopaedics,South West,1745,1152,163,17.1,66.0
2022-12-01,Orthopaedics,East of England,2629,2008,53,26.8,76.4
2022-12-01,Cardiology,London,5861,4916,678,19.3,83.9
2022-12-01,Cardiology,Midlands,3528,3078,374,8.5,87.2
2022-12-01,Cardiology,North West,1405,995,52,6.6,70.8
2022-12-01,Cardiology,North East,4670,2602,589,9.2,55.7
2022-12-01,Cardiology,South East,3114,2668,224,18.6,85.7
2022-12-01,Cardiology,South West,3824,3290,387,17.1,86.0
2022-12-01,Cardiology,East of England,2259,1739,210,9.6,77.0
2022-12-01,Neurology,London,6060,4133,152,15.3,68.2
2022-12-01,Neurology,Midlands,2503,1535,258,19.4,61.3
2022-12-01,Neurology,North West,2603,1516,351,14.6,58.2
2022-12-01,Neurology,North East,4007,2889,258,25.0,72.1
2022-12-01,Neurology,South East,5060,4299,239,10.7,85.0
2022-12-01,Neurology,South West,4157,3804,365,12.1,91.5
2022-12-01,Neurology,East of England,4780,4086,51,18.4,85.5
2022-12-01,Ophthalmology,London,4082,3566,56,18.4,87.4
2022-12-01,Ophthalmology,Midlands,4812,4044,177,20.0,84.0
2022-12-01,Ophthalmology,North West,3174,1759,279,20.6,55.4
2022-12-01,Ophthalmology,North East,5913,4183,514,20.9,70.7
2022-12-01,Ophthalmology,South East,4118,2865,194,9.7,69.6
2022-12-01,Ophthalmology,South West,2470,1946,139,22.6,78.8
2022-12-01,Ophthalmology,East of England,1320,1103,97,19.5,83.6
2022-12-01,General Surgery,London,4860,3935,617,21.1,81.0
2022-12-01,General Surgery,Midlands,2724,1960,272,21.0,72.0
2022-12-01,General Surgery,North West,2541,1845,130,17.3,72.6
2022-12-01,General Surgery,North East,2059,1417,182,7.0,68.8
2022-12-01,General Surgery,South East,3682,2740,410,15.6,74.4
2022-12-01,General Surgery,South West,5788,3912,301,18.7,67.6
2022-12-01,General Surgery,East of England,5441,3230,633,26.4,59.4
2022-12-01,Urology,London,5220,3033,90,11.6,58.1
2022-12-01,Urology,Midlands,2960,1741,366,6.9,58.8
2022-12-01,Urology,North West,1883,1225,248,16.7,65.1
2022-12-01,Urology,North East,1813,1065,239,17.2,58.7
2022-12-01,Urology,South East,3251,2230,89,6.9,68.6
2022-12-01,Urology,South West,2271,1845,138,24.3,81.2
2022-12-01,Urology,East of England,3433,2024,440,22.2,59.0
2022-12-01,Gynaecology,London,3452,2084,187,27.5,60.4
2022-12-01,Gynaecology,Midlands,1262,1004,99,17.4,79.6
2022-12-01,Gynaecology,North West,1657,1495,136,24.0,90.2
2022-12-01,Gynaecology,North East,5935,3509,757,27.9,59.1
2022-12-01,Gynaecology,South East,4552,4104,593,11.0,90.2
2022-12-01,Gynaecology,South West,2087,1876,258,22.3,89.9
2022-12-01,Gynaecology,East of England,4470,3292,335,11.6,73.6
2022-12-01,ENT,London,2553,2282,155,24.9,89.4
2022-12-01,ENT,Midlands,1310,1084,90,17.4,82.7
2022-12-01,ENT,North West,4564,3761,546,22.8,82.4
2022-12-01,ENT,North East,2860,2319,327,23.5,81.1
2022-12-01,ENT,South East,1955,1394,220,19.8,71.3
2022-12-01,ENT,South West,5038,4266,79,14.3,84.7
2022-12-01,ENT,East of England,3862,2225,302,21.4,57.6
2022-12-01,Gastroenterology,London,1848,1098,135,26.0,59.4
2022-12-01,Gastroenterology,Midlands,3534,3168,222,18.7,89.6
2022-12-01,Gastroenterology,North West,6085,3770,359,26.5,62.0
2022-12-01,Gastroenterology,North East,5782,4106,456,11.8,71.0
2022-12-01,Gastroenterology,South East,5380,4033,401,13.2,75.0
2022-12-01,Gastroenterology,South West,3430,2600,227,20.2,75.8
2022-12-01,Gastroenterology,East of England,5838,3752,383,15.4,64.3
2022-12-01,Dermatology,London,5915,5212,384,27.2,88.1
2022-12-01,Dermatology,Midlands,5608,4514,793,11.5,80.5
2022-12-01,Dermatology,North West,3789,3129,314,11.9,82.6
2022-12-01,Dermatology,North East,4236,3195,434,13.1,75.4
2022-12-01,Dermatology,South East,2740,1871,387,17.7,68.3
2022-12-01,Dermatology,South West,4837,4381,394,22.1,90.6
2022-12-01,Dermatology,East of England,2207,1556,179,7.4,70.5
2023-01-01,Orthopaedics,London,1569,1178,135,16.9,75.1
2023-01-01,Orthopaedics,Midlands,4224,3324,225,20.4,78.7
2023-01-01,Orthopaedics,North West,1060,707,46,18.3,66.7
2023-01-01,Orthopaedics,North East,3249,2908,184,10.8,89.5
2023-01-01,Orthopaedics,South East,1666,1422,215,9.8,85.4
2023-01-01,Orthopaedics,South West,1164,763,55,24.8,65.5
2023-01-01,Orthopaedics,East of England,3338,2603,314,18.0,78.0
2023-01-01,Cardiology,London,1710,1445,151,6.1,84.5
2023-01-01,Cardiology,Midlands,2238,1369,79,20.8,61.2
2023-01-01,Cardiology,North West,4808,4341,596,25.9,90.3
2023-01-01,Cardiology,North East,4830,4325,595,24.4,89.5
2023-01-01,Cardiology,South East,4538,3886,387,9.4,85.6
2023-01-01,Cardiology,South West,4864,3418,645,8.8,70.3
2023-01-01,Cardiology,East of England,4495,3324,299,9.6,73.9
2023-01-01,Neurology,London,4450,3578,537,18.8,80.4
2023-01-01,Neurology,Midlands,1321,1186,25,14.9,89.8
2023-01-01,Neurology,North West,3135,2416,170,15.9,77.1
2023-01-01,Neurology,North East,3015,2539,297,17.7,84.2
2023-01-01,Neurology,South East,1344,884,168,15.9,65.8
2023-01-01,Neurology,South West,3627,2693,263,11.6,74.2
2023-01-01,Neurology,East of England,1208,877,32,26.4,72.6
2023-01-01,Ophthalmology,London,4047,2309,492,9.4,57.1
2023-01-01,Ophthalmology,Midlands,1466,1180,83,21.3,80.5
2023-01-01,Ophthalmology,North West,2882,2132,84,11.2,74.0
2023-01-01,Ophthalmology,North East,958,700,69,10.4,73.1
2023-01-01,Ophthalmology,South East,4615,3224,509,25.3,69.9
2023-01-01,Ophthalmology,South West,1341,899,58,9.7,67.0
2023-01-01,Ophthalmology,East of England,4357,2807,514,15.6,64.4
2023-01-01,General Surgery,London,1775,1478,213,18.5,83.3
2023-01-01,General Surgery,Midlands,1124,678,56,12.8,60.3
2023-01-01,General Surgery,North West,3230,2045,66,23.8,63.3
2023-01-01,General Surgery,North East,2979,1958,255,6.5,65.7
2023-01-01,General Surgery,South East,4709,4146,385,24.2,88.0
2023-01-01,General Surgery,South West,3881,3342,388,19.4,86.1
2023-01-01,General Surgery,East of England,3587,3028,522,16.3,84.4
2023-01-01,Urology,London,4800,3643,685,25.8,75.9
2023-01-01,Urology,Midlands,1125,952,159,8.2,84.6
2023-01-01,Urology,North West,2240,1642,287,17.1,73.3
2023-01-01,Urology,North East,895,745,70,25.4,83.2
2023-01-01,Urology,South East,3110,2114,146,13.7,68.0
2023-01-01,Urology,South West,1492,1092,179,26.8,73.2
2023-01-01,Urology,East of England,1338,859,128,17.0,64.2
2023-01-01,Gynaecology,London,1828,1295,64,26.7,70.8
2023-01-01,Gynaecology,Midlands,2405,2073,84,25.9,86.2
2023-01-01,Gynaecology,North West,4494,3098,615,17.7,68.9
2023-01-01,Gynaecology,North East,4511,3126,178,19.9,69.3
2023-01-01,Gynaecology,South East,3988,3064,428,13.6,76.8
2023-01-01,Gynaecology,South West,3415,2562,437,22.8,75.0
2023-01-01,Gynaecology,East of England,3535,3250,407,25.0,91.9
2023-01-01,ENT,London,2004,1396,134,18.3,69.7
2023-01-01,ENT,Midlands,1415,1237,54,7.7,87.4
2023-01-01,ENT,North West,3289,2433,302,10.0,74.0
2023-01-01,ENT,North East,1744,1080,45,18.0,61.9
2023-01-01,ENT,South East,2359,1546,190,17.7,65.5
2023-01-01,ENT,South West,3757,2407,361,15.7,64.1
2023-01-01,ENT,East of England,2889,1642,382,7.7,56.8
2023-01-01,Gastroenterology,London,3914,3099,544,7.2,79.2
2023-01-01,Gastroenterology,Midlands,1630,903,84,18.7,55.4
2023-01-01,Gastroenterology,North West,3833,2174,510,23.9,56.7
2023-01-01,Gastroenterology,North East,2577,1940,368,28.0,75.3
2023-01-01,Gastroenterology,South East,2422,1416,239,12.3,58.5
2023-01-01,Gastroenterology,South West,1437,795,107,16.7,55.3
2023-01-01,Gastroenterology,East of England,975,679,34,24.5,69.6
2023-01-01,Dermatology,London,1502,993,50,15.0,66.1
2023-01-01,Dermatology,Midlands,1949,1286,34,19.1,66.0
2023-01-01,Dermatology,North West,2283,1388,237,22.6,60.8
2023-01-01,Dermatology,North East,3849,2551,521,20.1,66.3
2023-01-01,Dermatology,South East,815,490,103,6.2,60.1
2023-01-01,Dermatology,South West,4183,3150,383,14.8,75.3
2023-01-01,Dermatology,East of England,1213,680,181,19.7,56.1
2023-02-01,Orthopaedics,London,3855,2736,485,24.1,71.0
2023-02-01,Orthopaedics,Midlands,3846,2619,394,28.0,68.1
2023-02-01,Orthopaedics,North West,3215,2120,358,11.1,65.9
2023-02-01,Orthopaedics,North East,2773,2258,94,8.3,81.4
2023-02-01,Orthopaedics,South East,3126,2843,37,19.2,90.9
2023-02-01,Orthopaedics,South West,3001,1800,93,23.4,60.0
2023-02-01,Orthopaedics,East of England,3623,2832,110,10.2,78.2
2023-02-01,Cardiology,London,2779,1603,289,24.2,57.7
2023-02-01,Cardiology,Midlands,4464,4090,92,20.6,91.6
2023-02-01,Cardiology,North West,931,679,115,27.0,72.9
2023-02-01,Cardiology,North East,4196,3102,253,16.2,73.9
2023-02-01,Cardiology,South East,2407,1431,80,12.9,59.5
2023-02-01,Cardiology,South West,2543,2006,166,7.7,78.9
2023-02-01,Cardiology,East of England,2161,1273,55,12.4,58.9
2023-02-01,Neurology,London,2089,1154,241,8.3,55.2
2023-02-01,Neurology,Midlands,4336,2389,305,17.1,55.1
2023-02-01,Neurology,North West,3358,2214,367,9.7,65.9
2023-02-01,Neurology,North East,4091,3229,306,16.9,78.9
2023-02-01,Neurology,South East,3466,3132,138,17.4,90.4
2023-02-01,Neurology,South West,1393,1256,205,18.0,90.2
2023-02-01,Neurology,East of England,2342,1310,36,18.9,55.9
2023-02-01,Ophthalmology,London,1611,1210,136,7.7,75.1
2023-02-01,Ophthalmology,Midlands,2544,1986,92,16.3,78.1
2023-02-01,Ophthalmology,North West,2325,1618,128,19.4,69.6
2023-02-01,Ophthalmology,North East,4230,3629,210,14.0,85.8
2023-02-01,Ophthalmology,South East,2412,2121,56,27.8,87.9
2023-02-01,Ophthalmology,South West,3649,2112,513,14.0,57.9
2023-02-01,Ophthalmology,East of England,874,615,62,20.0,70.4
2023-02-01,General Surgery,London,2590,2001,51,7.5,77.3
2023-02-01,General Surgery,Midlands,1987,1347,116,16.3,67.8
2023-02-01,General Surgery,North West,987,582,29,6.7,59.0
2023-02-01,General Surgery,North East,4679,2743,507,13.4,58.6
2023-02-01,General Surgery,South East,2205,1739,277,8.4,78.9
2023-02-01,General Surgery,South West,4489,3626,413,24.3,80.8
2023-02-01,General Surgery,East of England,2343,1793,105,20.5,76.5
2023-02-01,Urology,London,1547,856,110,24.6,55.3
2023-02-01,Urology,Midlands,4570,3040,603,9.4,66.5
2023-02-01,Urology,North West,1483,1024,84,21.8,69.0
2023-02-01,Urology,North East,4080,2624,130,27.0,64.3
2023-02-01,Urology,South East,4335,3262,131,8.9,75.2
2023-02-01,Urology,South West,2353,1660,46,17.2,70.5
2023-02-01,Urology,East of England,1891,1288,228,17.2,68.1
2023-02-01,Gynaecology,London,1479,936,165,21.6,63.3
2023-02-01,Gynaecology,Midlands,3574,2462,284,13.5,68.9
2023-02-01,Gynaecology,North West,3223,1996,442,17.4,61.9
2023-02-01,Gynaecology,North East,3740,2372,294,13.9,63.4
2023-02-01,Gynaecology,South East,2723,1994,105,22.2,73.2
2023-02-01,Gynaecology,South West,2192,1584,145,15.9,72.3
2023-02-01,Gynaecology,East of England,3898,3561,508,21.1,91.4
2023-02-01,ENT,London,3269,1997,454,15.3,61.1
2023-02-01,ENT,Midlands,3453,1990,222,22.3,57.6
2023-02-01,ENT,North West,3010,2549,210,11.1,84.7
2023-02-01,ENT,North East,863,696,21,20.6,80.6
2023-02-01,ENT,South East,2422,1579,295,26.2,65.2
2023-02-01,ENT,South West,3826,3241,462,10.2,84.7
2023-02-01,ENT,East of England,1761,1054,110,20.8,59.9
2023-02-01,Gastroenterology,London,4930,3679,456,10.4,74.6
2023-02-01,Gastroenterology,Midlands,4224,2576,189,10.9,61.0
2023-02-01,Gastroenterology,North West,1079,818,153,10.3,75.8
2023-02-01,Gastroenterology,North East,2274,1938,201,11.6,85.2
2023-02-01,Gastroenterology,South East,2722,1536,143,22.4,56.4
2023-02-01,Gastroenterology,South West,4939,3117,537,23.2,63.1
2023-02-01,Gastroenterology,East of England,1394,966,45,14.8,69.3
2023-02-01,Dermatology,London,2199,1323,179,18.9,60.2
2023-02-01,Dermatology,Midlands,4478,3305,59,12.9,73.8
2023-02-01,Dermatology,North West,1075,599,155,16.2,55.7
2023-02-01,Dermatology,North East,1773,1143,20,12.0,64.5
2023-02-01,Dermatology,South East,1346,958,87,24.6,71.2
2023-02-01,Dermatology,South West,3572,2238,485,17.5,62.7
2023-02-01,Dermatology,East of England,2642,1973,325,23.2,74.7
2023-03-01,Orthopaedics,London,4244,3129,441,26.1,73.7
2023-03-01,Orthopaedics,Midlands,845,759,110,17.0,89.8
2023-03-01,Orthopaedics,North West,2829,1752,368,11.7,61.9
2023-03-01,Orthopaedics,North East,3463,2092,266,6.4,60.4
2023-03-01,Orthopaedics,South East,3395,1959,332,23.4,57.7
2023-03-01,Orthopaedics,South West,3132,2323,372,11.7,74.2
2023-03-01,Orthopaedics,East of England,2532,2297,316,10.5,90.7
2023-03-01,Cardiology,London,1573,941,116,11.9,59.8
2023-03-01,Cardiology,Midlands,2398,1735,286,22.4,72.4
2023-03-01,Cardiology,North West,2353,1926,191,19.7,81.9
2023-03-01,Cardiology,North East,4455,3151,329,17.4,70.7
2023-03-01,Cardiology,South East,4116,2667,437,23.4,64.8
2023-03-01,Cardiology,South West,2696,2413,157,8.3,89.5
2023-03-01,Cardiology,East of England,4427,3377,654,11.4,76.3
2023-03-01,Neurology,London,3104,1787,309,26.7,57.6
2023-03-01,Neurology,Midlands,1686,1380,171,22.1,81.9
2023-03-01,Neurology,North West,4138,3532,67,22.6,85.4
2023-03-01,Neurology,North East,1154,838,144,12.0,72.6
2023-03-01,Neurology,South East,1428,1008,172,16.2,70.6
2023-03-01,Neurology,South West,2221,2039,146,19.5,91.8
2023-03-01,Neurology,East of England,2032,1798,32,15.5,88.5
2023-03-01,Ophthalmology,London,3195,1870,326,20.2,58.5
2023-03-01,Ophthalmology,Midlands,2592,1444,117,17.4,55.7
2023-03-01,Ophthalmology,North West,4428,3235,485,25.1,73.1
2023-03-01,Ophthalmology,North East,1819,1434,123,26.5,78.8
2023-03-01,Ophthalmology,South East,4072,2540,115,20.9,62.4
2023-03-01,Ophthalmology,South West,995,705,52,11.6,70.9
2023-03-01,Ophthalmology,East of England,4012,3670,339,8.5,91.5
2023-03-01,General Surgery,London,1521,978,180,27.1,64.3
2023-03-01,General Surgery,Midlands,4587,2560,368,12.0,55.8
2023-03-01,General Surgery,North West,1902,1493,219,20.9,78.5
2023-03-01,General Surgery,North East,1071,983,157,25.4,91.8
2023-03-01,General Surgery,South East,2265,1695,267,20.5,74.8
2023-03-01,General Surgery,South West,2414,2127,79,27.9,88.1
2023-03-01,General Surgery,East of England,1411,783,189,11.4,55.5
2023-03-01,Urology,London,1119,951,145,27.8,85.0
2023-03-01,Urology,Midlands,4819,4118,507,23.4,85.5
2023-03-01,Urology,North West,3952,2297,384,6.1,58.1
2023-03-01,Urology,North East,3513,2004,317,25.0,57.0
2023-03-01,Urology,South East,2245,1956,174,13.4,87.1
2023-03-01,Urology,South West,1765,1232,108,18.3,69.8
2023-03-01,Urology,East of England,3321,2678,35,15.4,80.6
2023-03-01,Gynaecology,London,4204,2760,494,10.5,65.7
2023-03-01,Gynaecology,Midlands,3954,3022,134,11.8,76.4
2023-03-01,Gynaecology,North West,1014,579,62,21.9,57.1
2023-03-01,Gynaecology,North East,1264,1079,112,27.2,85.4
2023-03-01,Gynaecology,South East,1391,955,68,10.0,68.7
2023-03-01,Gynaecology,South West,1103,899,24,23.9,81.5
2023-03-01,Gynaecology,East of England,3131,2588,379,27.3,82.7
2023-03-01,ENT,London,1532,1227,193,6.9,80.1
2023-03-01,ENT,Midlands,1998,1448,135,26.5,72.5
2023-03-01,ENT,North West,4927,3423,632,6.0,69.5
2023-03-01,ENT,North East,2479,1895,153,6.4,76.4
2023-03-01,ENT,South East,3311,1939,314,15.9,58.6
2023-03-01,ENT,South West,4973,2960,197,6.6,59.5
2023-03-01,ENT,East of England,1169,774,100,6.5,66.2
2023-03-01,Gastroenterology,London,4124,3240,176,18.7,78.6
2023-03-01,Gastroenterology,Midlands,3201,2944,406,25.7,92.0
2023-03-01,Gastroenterology,North West,1670,1059,17,12.7,63.4
2023-03-01,Gastroenterology,North East,1272,1018,168,22.5,80.0
2023-03-01,Gastroenterology,South East,2160,1346,45,24.4,62.3
2023-03-01,Gastroenterology,South West,3116,2047,141,13.3,65.7
2023-03-01,Gastroenterology,East of England,833,615,59,17.3,73.8
2023-03-01,Dermatology,London,1175,798,133,22.6,67.9
2023-03-01,Dermatology,Midlands,4804,4049,705,23.3,84.3
2023-03-01,Dermatology,North West,2665,2008,210,18.4,75.3
2023-03-01,Dermatology,North East,2316,1787,80,12.7,77.2
2023-03-01,Dermatology,South East,3473,1995,509,27.1,57.4
2023-03-01,Dermatology,South West,2054,1699,262,16.3,82.7
2023-03-01,Dermatology,East of England,3829,3452,378,13.8,90.2
2023-04-01,Orthopaedics,London,3699,2944,264,27.0,79.6
2023-04-01,Orthopaedics,Midlands,2511,1585,193,20.9,63.1
2023-04-01,Orthopaedics,North West,1485,860,136,26.9,57.9
2023-04-01,Orthopaedics,North East,4238,3614,116,24.9,85.3
2023-04-01,Orthopaedics,South East,1719,1395,121,11.5,81.2
2023-04-01,Orthopaedics,South West,4054,3343,142,26.1,82.5
2023-04-01,Orthopaedics,East of England,4794,3482,628,6.7,72.6
2023-04-01,Cardiology,London,2672,1833,46,22.8,68.6
2023-04-01,Cardiology,Midlands,4173,2808,335,6.3,67.3
2023-04-01,Cardiology,North West,1367,873,32,11.7,63.9
2023-04-01,Cardiology,North East,4614,4090,51,22.2,88.6
2023-04-01,Cardiology,South East,3358,2719,164,18.7,81.0
2023-04-01,Cardiology,South West,4894,3908,52,27.7,79.9
2023-04-01,Cardiology,East of England,1631,1268,230,27.1,77.7
2023-04-01,Neurology,London,2954,1964,347,25.1,66.5
2023-04-01,Neurology,Midlands,3653,3255,108,10.9,89.1
2023-04-01,Neurology,North West,1145,893,86,8.6,78.0
2023-04-01,Neurology,North East,3740,2058,433,27.7,55.0
2023-04-01,Neurology,South East,3492,2522,285,9.0,72.2
2023-04-01,Neurology,South West,2201,1575,260,17.6,71.6
2023-04-01,Neurology,East of England,4260,2749,65,18.8,64.5
2023-04-01,Ophthalmology,London,871,705,63,11.4,80.9
2023-04-01,Ophthalmology,Midlands,1843,1357,249,26.6,73.6
2023-04-01,Ophthalmology,North West,1109,645,63,8.8,58.2
2023-04-01,Ophthalmology,North East,4545,3243,81,27.5,71.4
2023-04-01,Ophthalmology,South East,4207,3180,428,16.9,75.6
2023-04-01,Ophthalmology,South West,4589,2552,442,7.4,55.6
2023-04-01,Ophthalmology,East of England,4829,3061,197,9.6,63.4
2023-04-01,General Surgery,London,3995,2916,587,27.2,73.0
2023-04-01,General Surgery,Midlands,1246,1017,54,9.7,81.6
2023-04-01,General Surgery,North West,2963,2294,232,15.0,77.4
2023-04-01,General Surgery,North East,2525,2045,103,11.7,81.0
2023-04-01,General Surgery,South East,1928,1542,190,16.2,80.0
2023-04-01,General Surgery,South West,4530,2968,60,19.8,65.5
2023-04-01,General Surgery,East of England,1606,1280,184,26.2,79.7
2023-04-01,Urology,London,3124,2590,40,11.5,82.9
2023-04-01,Urology,Midlands,3671,2039,479,9.2,55.5
2023-04-01,Urology,North West,2017,1741,189,21.0,86.3
2023-04-01,Urology,North East,2007,1567,149,6.9,78.1
2023-04-01,Urology,South East,1725,1476,181,7.4,85.6
2023-04-01,Urology,South West,2342,1315,177,26.3,56.1
2023-04-01,Urology,East of England,1708,1334,203,23.2,78.1
2023-04-01,Gynaecology,London,3386,2933,434,16.6,86.6
2023-04-01,Gynaecology,Midlands,3142,2007,154,7.2,63.9
2023-04-01,Gynaecology,North West,871,652,40,14.1,74.9
2023-04-01,Gynaecology,North East,2224,1331,164,23.8,59.8
2023-04-01,Gynaecology,South East,2475,1738,204,6.7,70.2
2023-04-01,Gynaecology,South West,878,594,70,16.1,67.7
2023-04-01,Gynaecology,East of England,2284,1461,81,7.4,64.0
2023-04-01,ENT,London,2629,2153,276,16.4,81.9
2023-04-01,ENT,Midlands,4656,3208,463,16.9,68.9
2023-04-01,ENT,North West,2894,2528,98,9.0,87.4
2023-04-01,ENT,North East,1167,866,122,7.9,74.2
2023-04-01,ENT,South East,2676,2391,295,22.8,89.3
2023-04-01,ENT,South West,4406,2805,365,9.8,63.7
2023-04-01,ENT,East of England,2195,1898,153,27.2,86.5
2023-04-01,Gastroenterology,London,3431,2888,114,6.6,84.2
2023-04-01,Gastroenterology,Midlands,2804,2066,362,21.0,73.7
2023-04-01,Gastroenterology,North West,2657,2337,389,21.4,88.0
2023-04-01,Gastroenterology,North East,3588,2194,390,12.4,61.1
2023-04-01,Gastroenterology,South East,905,740,131,11.7,81.8
2023-04-01,Gastroenterology,South West,4725,3701,360,20.8,78.3
2023-04-01,Gastroenterology,East of England,1745,1084,81,17.3,62.1
2023-04-01,Dermatology,London,1092,838,109,15.9,76.7
2023-04-01,Dermatology,Midlands,3291,2517,389,13.3,76.5
2023-04-01,Dermatology,North West,1227,799,99,13.4,65.1
2023-04-01,Dermatology,North East,4133,3052,116,22.5,73.8
2023-04-01,Dermatology,South East,4168,2323,449,11.6,55.7
2023-04-01,Dermatology,South West,3092,2607,430,20.7,84.3
2023-04-01,Dermatology,East of England,3606,2767,289,25.2,76.7
2023-05-01,Orthopaedics,London,1546,1005,81,17.3,65.0
2023-05-01,Orthopaedics,Midlands,1868,1678,233,6.9,89.8
2023-05-01,Orthopaedics,North West,1502,1338,26,13.9,89.1
2023-05-01,Orthopaedics,North East,3453,2390,243,27.5,69.2
2023-05-01,Orthopaedics,South East,2468,1811,38,18.9,73.4
2023-05-01,Orthopaedics,South West,4384,3709,402,27.9,84.6
2023-05-01,Orthopaedics,East of England,3542,3161,446,8.4,89.2
2023-05-01,Cardiology,London,2151,1523,51,19.6,70.8
2023-05-01,Cardiology,Midlands,3446,2561,37,13.0,74.3
2023-05-01,Cardiology,North West,2837,2068,416,25.2,72.9
2023-05-01,Cardiology,North East,4923,2988,222,22.2,60.7
2023-05-01,Cardiology,South East,2474,2111,69,28.0,85.3
2023-05-01,Cardiology,South West,2130,1357,292,12.8,63.7
2023-05-01,Cardiology,East of England,2417,1580,346,7.2,65.4
2023-05-01,Neurology,London,2375,1773,182,10.9,74.7
2023-05-01,Neurology,Midlands,4126,3475,285,23.6,84.2
2023-05-01,Neurology,North West,1261,1139,17,10.4,90.3
2023-05-01,Neurology,North East,992,631,78,25.2,63.6
2023-05-01,Neurology,South East,3325,2583,197,13.3,77.7
2023-05-01,Neurology,South West,910,549,125,28.0,60.3
2023-05-01,Neurology,East of England,3443,2259,228,22.3,65.6
2023-05-01,Ophthalmology,London,1096,660,119,25.9,60.2
2023-05-01,Ophthalmology,Midlands,4911,3587,686,17.5,73.0
2023-05-01,Ophthalmology,North West,865,645,33,12.3,74.6
2023-05-01,Ophthalmology,North East,4039,2924,219,19.7,72.4
2023-05-01,Ophthalmology,South East,1685,1161,40,19.9,68.9
2023-05-01,Ophthalmology,South West,3325,2566,60,23.1,77.2
2023-05-01,Ophthalmology,East of England,4032,2220,254,24.0,55.1
2023-05-01,General Surgery,London,1261,851,155,8.7,67.5
2023-05-01,General Surgery,Midlands,805,592,60,27.9,73.5
2023-05-01,General Surgery,North West,3406,2671,59,11.3,78.4
2023-05-01,General Surgery,North East,1938,1622,233,21.6,83.7
2023-05-01,General Surgery,South East,3727,2648,218,6.4,71.0
2023-05-01,General Surgery,South West,3215,1923,471,25.1,59.8
2023-05-01,General Surgery,East of England,4900,3596,604,16.4,73.4
2023-05-01,Urology,London,4363,2482,498,17.1,56.9
2023-05-01,Urology,Midlands,1591,1124,155,12.3,70.6
2023-05-01,Urology,North West,2891,2241,190,20.2,77.5
2023-05-01,Urology,North East,1642,996,78,19.0,60.7
2023-05-01,Urology,South East,3313,2038,434,18.4,61.5
2023-05-01,Urology,South West,2016,1324,284,24.2,65.7
2023-05-01,Urology,East of England,1731,1310,62,15.9,75.7
2023-05-01,Gynaecology,London,4692,3936,598,13.1,83.9
2023-05-01,Gynaecology,Midlands,3718,2187,473,9.4,58.8
2023-05-01,Gynaecology,North West,1135,893,86,26.0,78.7
2023-05-01,Gynaecology,North East,4247,2787,340,16.0,65.6
2023-05-01,Gynaecology,South East,4806,4106,674,19.7,85.4
2023-05-01,Gynaecology,South West,2085,1897,98,21.8,91.0
2023-05-01,Gynaecology,East of England,3320,2657,254,27.9,80.0
2023-05-01,ENT,London,2347,2117,297,25.9,90.2
2023-05-01,ENT,Midlands,2557,1680,122,9.2,65.7
2023-05-01,ENT,North West,4485,2500,373,17.1,55.7
2023-05-01,ENT,North East,4038,2998,433,26.7,74.2
2023-05-01,ENT,South East,1543,1054,187,17.5,68.3
2023-05-01,ENT,South West,1361,1062,173,21.0,78.0
2023-05-01,ENT,East of England,1309,1065,92,12.5,81.4
2023-05-01,Gastroenterology,London,3003,2205,433,22.2,73.4
2023-05-01,Gastroenterology,Midlands,3328,2685,391,11.4,80.7
2023-05-01,Gastroenterology,North West,2704,2336,30,26.6,86.4
2023-05-01,Gastroenterology,North East,3513,2115,47,23.5,60.2
2023-05-01,Gastroenterology,South East,4527,2720,433,9.7,60.1
2023-05-01,Gastroenterology,South West,3103,2564,231,19.2,82.6
2023-05-01,Gastroenterology,East of England,1245,701,17,22.3,56.3
2023-05-01,Dermatology,London,3575,2917,477,20.1,81.6
2023-05-01,Dermatology,Midlands,3031,1950,373,9.7,64.3
2023-05-01,Dermatology,North West,4038,2714,222,18.3,67.2
2023-05-01,Dermatology,North East,1509,1243,164,17.8,82.4
2023-05-01,Dermatology,South East,826,721,58,15.1,87.3
2023-05-01,Dermatology,South West,1922,1471,38,25.6,76.5
2023-05-01,Dermatology,East of England,2548,1442,230,24.8,56.6
2023-06-01,Orthopaedics,London,979,647,118,13.4,66.1
2023-06-01,Orthopaedics,Midlands,2824,1647,250,16.5,58.3
2023-06-01,Orthopaedics,North West,2319,1908,272,25.9,82.3
2023-06-01,Orthopaedics,North East,1716,1493,88,9.5,87.0
2023-06-01,Orthopaedics,South East,4382,3291,330,8.8,75.1
2023-06-01,Orthopaedics,South West,2246,1296,141,21.6,57.7
2023-06-01,Orthopaedics,East of England,1600,1063,233,8.6,66.4
2023-06-01,Cardiology,London,4057,3643,336,27.9,89.8
2023-06-01,Cardiology,Midlands,1811,1565,128,26.4,86.4
2023-06-01,Cardiology,North West,3391,2655,435,12.5,78.3
2023-06-01,Cardiology,North East,2983,1888,143,15.9,63.3
2023-06-01,Cardiology,South East,2555,2257,71,24.1,88.3
2023-06-01,Cardiology,South West,4032,2782,545,6.2,69.0
2023-06-01,Cardiology,East of England,3923,2926,215,7.7,74.6
2023-06-01,Neurology,London,2373,1502,315,16.6,63.3
2023-06-01,Neurology,Midlands,3204,2247,145,24.9,70.1
2023-06-01,Neurology,North West,3290,2216,117,21.0,67.4
2023-06-01,Neurology,North East,4419,3352,174,26.9,75.9
2023-06-01,Neurology,South East,1504,1334,100,10.6,88.7
2023-06-01,Neurology,South West,2716,2461,36,12.7,90.6
2023-06-01,Neurology,East of England,2236,1966,102,26.5,87.9
2023-06-01,Ophthalmology,London,891,658,124,25.2,73.8
2023-06-01,Ophthalmology,Midlands,1631,1460,129,6.1,89.5
2023-06-01,Ophthalmology,North West,1063,810,14,14.7,76.2
2023-06-01,Ophthalmology,North East,2608,2243,217,10.6,86.0
2023-06-01,Ophthalmology,South East,1997,1554,133,12.7,77.8
2023-06-01,Ophthalmology,South West,2719,2348,291,26.5,86.4
2023-06-01,Ophthalmology,East of England,4040,3364,135,15.2,83.3
2023-06-01,General Surgery,London,4583,2955,384,12.4,64.5
2023-06-01,General Surgery,Midlands,1589,1398,204,27.8,88.0
2023-06-01,General Surgery,North West,1818,1629,228,24.6,89.6
2023-06-01,General Surgery,North East,1574,1154,147,10.0,73.3
2023-06-01,General Surgery,South East,3897,3196,493,21.7,82.0
2023-06-01,General Surgery,South West,2864,2509,206,19.0,87.6
2023-06-01,General Surgery,East of England,4840,3828,223,7.5,79.1
2023-06-01,Urology,London,1397,819,191,10.7,58.6
2023-06-01,Urology,Midlands,4467,2825,512,15.6,63.2
2023-06-01,Urology,North West,1907,1449,272,19.2,76.0
2023-06-01,Urology,North East,1882,1280,56,26.3,68.0
2023-06-01,Urology,South East,4751,3136,350,7.6,66.0
2023-06-01,Urology,South West,2481,1647,369,6.8,66.4
2023-06-01,Urology,East of England,4218,2621,563,23.8,62.1
2023-06-01,Gynaecology,London,3627,2038,414,8.9,56.2
2023-06-01,Gynaecology,Midlands,1273,710,21,11.8,55.8
2023-06-01,Gynaecology,North West,4742,3180,530,8.1,67.1
2023-06-01,Gynaecology,North East,4881,3686,245,26.7,75.5
2023-06-01,Gynaecology,South East,977,861,42,13.8,88.1
2023-06-01,Gynaecology,South West,3640,2265,42,11.3,62.2
2023-06-01,Gynaecology,East of England,1645,1105,38,27.9,67.2
2023-06-01,ENT,London,3063,2131,190,16.0,69.6
2023-06-01,ENT,Midlands,3430,2348,443,22.6,68.5
2023-06-01,ENT,North West,4241,2904,167,23.1,68.5
2023-06-01,ENT,North East,4522,2729,356,14.7,60.3
2023-06-01,ENT,South East,3834,3211,161,17.6,83.8
2023-06-01,ENT,South West,3580,2838,45,24.3,79.3
2023-06-01,ENT,East of England,1972,1095,137,19.3,55.5
2023-06-01,Gastroenterology,London,3817,3122,190,22.6,81.8
2023-06-01,Gastroenterology,Midlands,1593,983,183,13.5,61.7
2023-06-01,Gastroenterology,North West,4301,2441,288,21.5,56.8
2023-06-01,Gastroenterology,North East,4812,3095,223,20.2,64.3
2023-06-01,Gastroenterology,South East,1348,917,104,19.1,68.0
2023-06-01,Gastroenterology,South West,2584,1895,304,6.0,73.3
2023-06-01,Gastroenterology,East of England,1410,887,15,12.6,62.9
2023-06-01,Dermatology,London,4171,2606,601,17.1,62.5
2023-06-01,Dermatology,Midlands,3880,3148,431,7.9,81.1
2023-06-01,Dermatology,North West,1896,1048,209,13.6,55.3
2023-06-01,Dermatology,North East,4702,3339,295,21.6,71.0
2023-06-01,Dermatology,South East,4512,2771,260,15.0,61.4
2023-06-01,Dermatology,South West,4496,3545,303,17.6,78.8
2023-06-01,Dermatology,East of England,4394,3948,650,7.9,89.8
2023-07-01,Orthopaedics,London,2443,1615,208,23.1,66.1
2023-07-01,Orthopaedics,Midlands,3353,2286,153,11.6,68.2
2023-07-01,Orthopaedics,North West,3562,2796,113,21.9,78.5
2023-07-01,Orthopaedics,North East,991,702,78,7.2,70.8
2023-07-01,Orthopaedics,South East,1331,795,143,17.1,59.7
2023-07-01,Orthopaedics,South West,858,530,21,27.3,61.8
2023-07-01,Orthopaedics,East of England,3998,2378,243,11.6,59.5
2023-07-01,Cardiology,London,1741,1470,28,18.5,84.4
2023-07-01,Cardiology,Midlands,1235,696,81,23.6,56.4
2023-07-01,Cardiology,North West,2450,1846,57,8.9,75.3
2023-07-01,Cardiology,North East,4689,3750,689,21.7,80.0
2023-07-01,Cardiology,South East,4168,3614,102,15.9,86.7
2023-07-01,Cardiology,South West,3620,2940,104,23.9,81.2
2023-07-01,Cardiology,East of England,2101,1893,120,8.4,90.1
2023-07-01,Neurology,London,4912,3487,610,10.3,71.0
2023-07-01,Neurology,Midlands,1228,968,157,16.4,78.8
2023-07-01,Neurology,North West,2353,1835,216,12.2,78.0
2023-07-01,Neurology,North East,3369,2774,150,24.3,82.3
2023-07-01,Neurology,South East,2306,1353,323,14.2,58.7
2023-07-01,Neurology,South West,4866,3373,457,17.3,69.3
2023-07-01,Neurology,East of England,971,805,97,11.2,82.9
2023-07-01,Ophthalmology,London,2988,1731,387,8.0,57.9
2023-07-01,Ophthalmology,Midlands,3517,3031,272,17.7,86.2
2023-07-01,Ophthalmology,North West,4624,3389,131,27.0,73.3
2023-07-01,Ophthalmology,North East,4786,3543,442,23.4,74.0
2023-07-01,Ophthalmology,South East,3107,2408,210,16.4,77.5
2023-07-01,Ophthalmology,South West,3207,2866,101,10.0,89.4
2023-07-01,Ophthalmology,East of England,4396,3477,168,25.6,79.1
2023-07-01,General Surgery,London,2763,2067,50,7.8,74.8
2023-07-01,General Surgery,Midlands,1965,1418,286,20.9,72.2
2023-07-01,General Surgery,North West,4926,2755,566,10.7,55.9
2023-07-01,General Surgery,North East,3382,2386,307,25.2,70.5
2023-07-01,General Surgery,South East,2268,1274,116,18.9,56.2
2023-07-01,General Surgery,South West,1951,1385,71,25.9,71.0
2023-07-01,General Surgery,East of England,3599,2013,46,19.7,55.9
2023-07-01,Urology,London,3213,2152,466,26.1,67.0
2023-07-01,Urology,Midlands,2858,1633,400,10.9,57.1
2023-07-01,Urology,North West,2366,1451,279,10.9,61.3
2023-07-01,Urology,North East,891,500,126,26.4,56.1
2023-07-01,Urology,South East,4580,3709,402,24.8,81.0
2023-07-01,Urology,South West,1329,925,151,25.7,69.6
2023-07-01,Urology,East of England,2397,1654,82,26.1,69.0
2023-07-01,Gynaecology,London,3542,2893,105,14.6,81.7
2023-07-01,Gynaecology,Midlands,4855,4327,50,25.7,89.1
2023-07-01,Gynaecology,North West,1690,1390,125,18.5,82.2
2023-07-01,Gynaecology,North East,2472,1872,128,14.8,75.7
2023-07-01,Gynaecology,South East,3966,2495,60,6.9,62.9
2023-07-01,Gynaecology,South West,4888,3147,597,7.5,64.4
2023-07-01,Gynaecology,East of England,2855,2467,220,25.1,86.4
2023-07-01,ENT,London,4654,3451,626,18.9,74.2
2023-07-01,ENT,Midlands,2160,1660,116,7.2,76.9
2023-07-01,ENT,North West,1134,682,149,20.9,60.1
2023-07-01,ENT,North East,1969,1343,161,20.9,68.2
2023-07-01,ENT,South East,1286,1123,179,20.7,87.3
2023-07-01,ENT,South West,2860,2581,309,6.9,90.2
2023-07-01,ENT,East of England,3099,2514,45,24.5,81.1
2023-07-01,Gastroenterology,London,1880,1099,204,16.8,58.5
2023-07-01,Gastroenterology,Midlands,2400,1322,163,22.0,55.1
2023-07-01,Gastroenterology,North West,4789,2800,227,19.9,58.5
2023-07-01,Gastroenterology,North East,2571,2151,232,21.3,83.7
2023-07-01,Gastroenterology,South East,3521,2537,188,16.8,72.1
2023-07-01,Gastroenterology,South West,4757,3331,158,6.5,70.0
2023-07-01,Gastroenterology,East of England,2300,1723,301,8.9,74.9
2023-07-01,Dermatology,London,4889,3315,459,26.6,67.8
2023-07-01,Dermatology,Midlands,804,552,20,11.5,68.7
2023-07-01,Dermatology,North West,1147,996,142,6.7,86.8
2023-07-01,Dermatology,North East,4625,2922,99,12.6,63.2
2023-07-01,Dermatology,South East,4321,3227,205,26.1,74.7
2023-07-01,Dermatology,South West,4833,2739,251,17.7,56.7
2023-07-01,Dermatology,East of England,1138,741,32,24.0,65.1
2023-08-01,Orthopaedics,London,4290,2882,272,19.6,67.2
2023-08-01,Orthopaedics,Midlands,2806,2000,212,22.9,71.3
2023-08-01,Orthopaedics,North West,1330,953,133,27.0,71.7
2023-08-01,Orthopaedics,North East,2696,2215,204,10.7,82.2
2023-08-01,Orthopaedics,South East,1582,1054,170,24.2,66.6
2023-08-01,Orthopaedics,South West,4573,2616,681,7.6,57.2
2023-08-01,Orthopaedics,East of England,1317,896,191,13.0,68.0
2023-08-01,Cardiology,London,3516,2960,297,12.4,84.2
2023-08-01,Cardiology,Midlands,2176,1615,163,24.9,74.2
2023-08-01,Cardiology,North West,1764,1246,60,23.9,70.6
2023-08-01,Cardiology,North East,2687,2407,384,8.5,89.6
2023-08-01,Cardiology,South East,4404,3455,55,21.9,78.5
2023-08-01,Cardiology,South West,2725,2147,371,17.2,78.8
2023-08-01,Cardiology,East of England,4213,3667,480,26.9,87.0
2023-08-01,Neurology,London,805,556,58,11.6,69.1
2023-08-01,Neurology,Midlands,4905,4124,132,8.6,84.1
2023-08-01,Neurology,North West,4925,4114,63,20.8,83.5
2023-08-01,Neurology,North East,1345,819,16,23.2,60.9
2023-08-01,Neurology,South East,1416,790,134,14.1,55.8
2023-08-01,Neurology,South West,1425,910,138,9.9,63.9
2023-08-01,Neurology,East of England,1553,1234,161,11.5,79.5
2023-08-01,Ophthalmology,London,3810,3169,213,17.7,83.2
2023-08-01,Ophthalmology,Midlands,2782,1762,53,19.8,63.3
2023-08-01,Ophthalmology,North West,1241,1069,137,26.8,86.1
2023-08-01,Ophthalmology,North East,3881,2941,361,14.2,75.8
2023-08-01,Ophthalmology,South East,2453,1597,84,13.2,65.1
2023-08-01,Ophthalmology,South West,2238,1980,271,18.8,88.5
2023-08-01,Ophthalmology,East of England,3879,2601,167,17.8,67.1
2023-08-01,General Surgery,London,885,711,101,24.4,80.3
2023-08-01,General Surgery,Midlands,931,726,26,11.8,78.0
2023-08-01,General Surgery,North West,2563,2110,306,12.6,82.3
2023-08-01,General Surgery,North East,2796,2385,325,27.7,85.3
2023-08-01,General Surgery,South East,4926,3506,225,8.6,71.2
2023-08-01,General Surgery,South West,1327,1219,46,6.8,91.9
2023-08-01,General Surgery,East of England,1503,1291,67,15.5,85.9
2023-08-01,Urology,London,1735,1552,86,15.4,89.5
2023-08-01,Urology,Midlands,3190,2834,216,15.3,88.8
2023-08-01,Urology,North West,4071,3659,192,15.7,89.9
2023-08-01,Urology,North East,2601,1717,265,24.4,66.0
2023-08-01,Urology,South East,3148,1948,256,17.6,61.9
2023-08-01,Urology,South West,1013,730,49,11.1,72.1
2023-08-01,Urology,East of England,1311,927,47,23.0,70.7
2023-08-01,Gynaecology,London,1428,970,86,24.7,67.9
2023-08-01,Gynaecology,Midlands,1104,1003,162,18.8,90.9
2023-08-01,Gynaecology,North West,3686,3255,331,14.1,88.3
2023-08-01,Gynaecology,North East,1306,1151,63,12.0,88.1
2023-08-01,Gynaecology,South East,2704,2033,155,11.5,75.2
2023-08-01,Gynaecology,South West,1900,1188,267,11.8,62.5
2023-08-01,Gynaecology,East of England,3884,2265,345,8.5,58.3
2023-08-01,ENT,London,3916,2785,63,11.4,71.1
2023-08-01,ENT,Midlands,4829,2779,147,21.3,57.5
2023-08-01,ENT,North West,2117,1660,87,7.2,78.4
2023-08-01,ENT,North East,4787,3239,342,21.6,67.7
2023-08-01,ENT,South East,3412,2277,298,22.1,66.7
2023-08-01,ENT,South West,2590,1863,73,20.6,71.9
2023-08-01,ENT,East of England,1888,1281,49,6.9,67.8
2023-08-01,Gastroenterology,London,4369,3445,216,12.5,78.9
2023-08-01,Gastroenterology,Midlands,2384,1436,260,7.5,60.2
2023-08-01,Gastroenterology,North West,2239,1841,115,7.3,82.2
2023-08-01,Gastroenterology,North East,4529,3716,466,8.9,82.0
2023-08-01,Gastroenterology,South East,2439,1885,222,11.1,77.3
2023-08-01,Gastroenterology,South West,1668,929,181,20.0,55.7
2023-08-01,Gastroenterology,East of England,858,508,109,6.6,59.2
2023-08-01,Dermatology,London,3650,2361,388,26.3,64.7
2023-08-01,Dermatology,Midlands,2688,1642,239,12.9,61.1
2023-08-01,Dermatology,North West,4698,3610,535,26.2,76.8
2023-08-01,Dermatology,North East,1131,782,149,14.0,69.1
2023-08-01,Dermatology,South East,3488,2067,248,24.5,59.3
2023-08-01,Dermatology,South West,2640,2393,175,20.4,90.6
2023-08-01,Dermatology,East of England,4891,2931,124,26.3,59.9
2023-09-01,Orthopaedics,London,1422,950,21,13.9,66.8
2023-09-01,Orthopaedics,Midlands,3491,2899,216,11.4,83.0
2023-09-01,Orthopaedics,North West,4933,3479,727,13.7,70.5
2023-09-01,Orthopaedics,North East,1361,1039,26,15.6,76.3
2023-09-01,Orthopaedics,South East,3579,3183,261,22.4,88.9
2023-09-01,Orthopaedics,South West,4156,3374,546,14.4,81.2
2023-09-01,Orthopaedics,East of England,3241,2508,344,12.2,77.4
2023-09-01,Cardiology,London,2296,1957,341,15.0,85.2
2023-09-01,Cardiology,Midlands,1714,1332,91,27.8,77.7
2023-09-01,Cardiology,North West,3869,3255,176,22.8,84.1
2023-09-01,Cardiology,North East,1351,816,99,25.4,60.4
2023-09-01,Cardiology,South East,2746,2363,254,10.2,86.1
2023-09-01,Cardiology,South West,1053,925,135,12.5,87.8
2023-09-01,Cardiology,East of England,3683,2161,461,20.9,58.7
2023-09-01,Neurology,London,2956,1959,412,14.3,66.3
2023-09-01,Neurology,Midlands,4651,3470,504,11.7,74.6
2023-09-01,Neurology,North West,4685,3350,502,7.8,71.5
2023-09-01,Neurology,North East,3171,2178,231,13.3,68.7
2023-09-01,Neurology,South East,1526,913,220,20.0,59.8
2023-09-01,Neurology,South West,1118,999,150,23.3,89.4
2023-09-01,Neurology,East of England,3578,2122,185,27.1,59.3
2023-09-01,Ophthalmology,London,3056,2228,386,25.7,72.9
2023-09-01,Ophthalmology,Midlands,3448,2863,224,24.2,83.0
2023-09-01,Ophthalmology,North West,2879,1879,239,15.5,65.3
2023-09-01,Ophthalmology,North East,3757,2206,260,12.8,58.7
2023-09-01,Ophthalmology,South East,4864,3102,103,19.8,63.8
2023-09-01,Ophthalmology,South West,1448,946,203,21.0,65.3
2023-09-01,Ophthalmology,East of England,2345,1474,304,7.3,62.9
2023-09-01,General Surgery,London,2076,1773,177,10.9,85.4
2023-09-01,General Surgery,Midlands,3607,2797,402,12.9,77.5
2023-09-01,General Surgery,North West,1264,977,81,18.3,77.3
2023-09-01,General Surgery,North East,2903,1774,192,13.6,61.1
2023-09-01,General Surgery,South East,4777,3641,678,21.9,76.2
2023-09-01,General Surgery,South West,950,862,115,9.0,90.7
2023-09-01,General Surgery,East of England,3179,2883,249,8.5,90.7
2023-09-01,Urology,London,1077,990,57,25.5,91.9
2023-09-01,Urology,Midlands,2715,2009,361,13.8,74.0
2023-09-01,Urology,North West,4045,3644,317,17.1,90.1
2023-09-01,Urology,North East,2518,1942,326,14.4,77.1
2023-09-01,Urology,South East,3981,3114,249,9.1,78.2
2023-09-01,Urology,South West,1220,1056,129,6.4,86.6
2023-09-01,Urology,East of England,3343,2833,366,14.1,84.7
2023-09-01,Gynaecology,London,1245,735,158,18.2,59.0
2023-09-01,Gynaecology,Midlands,4688,2925,109,8.6,62.4
2023-09-01,Gynaecology,North West,2764,1649,179,24.7,59.7
2023-09-01,Gynaecology,North East,2595,2046,224,22.4,78.8
2023-09-01,Gynaecology,South East,4950,4247,133,23.8,85.8
2023-09-01,Gynaecology,South West,3342,2409,174,19.5,72.1
2023-09-01,Gynaecology,East of England,2105,1900,74,21.9,90.3
2023-09-01,ENT,London,4428,3195,516,17.5,72.2
2023-09-01,ENT,Midlands,4932,4283,616,8.7,86.8
2023-09-01,ENT,North West,3470,2339,198,8.7,67.4
2023-09-01,ENT,North East,1662,1179,204,11.8,70.9
2023-09-01,ENT,South East,1570,1208,57,25.5,76.9
2023-09-01,ENT,South West,2509,1636,180,7.9,65.2
2023-09-01,ENT,East of England,838,472,114,8.8,56.3
2023-09-01,Gastroenterology,London,2236,1988,235,23.8,88.9
2023-09-01,Gastroenterology,Midlands,4825,3101,652,21.7,64.3
2023-09-01,Gastroenterology,North West,4034,2980,178,13.4,73.9
2023-09-01,Gastroenterology,North East,1308,1099,137,16.4,84.0
2023-09-01,Gastroenterology,South East,2188,1463,168,23.9,66.9
2023-09-01,Gastroenterology,South West,1315,852,40,21.4,64.8
2023-09-01,Gastroenterology,East of England,1125,891,71,24.4,79.2
2023-09-01,Dermatology,London,906,516,98,25.6,57.0
2023-09-01,Dermatology,Midlands,3944,2682,131,6.7,68.0
2023-09-01,Dermatology,North West,3237,2804,408,23.6,86.6
2023-09-01,Dermatology,North East,3714,2341,520,12.8,63.0
2023-09-01,Dermatology,South East,3806,3385,112,18.1,88.9
2023-09-01,Dermatology,South West,3550,2044,428,19.2,57.6
2023-09-01,Dermatology,East of England,4854,3167,363,15.9,65.2
2023-10-01,Orthopaedics,London,3375,3016,464,21.7,89.4
2023-10-01,Orthopaedics,Midlands,3690,2984,48,24.8,80.9
2023-10-01,Orthopaedics,North West,2328,1817,180,14.8,78.0
2023-10-01,Orthopaedics,North East,4927,4209,397,25.5,85.4
2023-10-01,Orthopaedics,South East,2921,1714,173,14.9,58.7
2023-10-01,Orthopaedics,South West,2587,1696,117,14.4,65.6
2023-10-01,Orthopaedics,East of England,1996,1152,68,25.6,57.7
2023-10-01,Cardiology,London,3440,3163,213,12.6,91.9
2023-10-01,Cardiology,Midlands,3518,3234,345,23.5,91.9
2023-10-01,Cardiology,North West,3227,2199,291,24.3,68.1
2023-10-01,Cardiology,North East,984,870,14,10.8,88.4
2023-10-01,Cardiology,South East,4886,2896,444,14.0,59.3
2023-10-01,Cardiology,South West,3833,2389,440,12.2,62.3
2023-10-01,Cardiology,East of England,2842,2050,51,22.0,72.1
2023-10-01,Neurology,London,4107,3374,140,12.3,82.2
2023-10-01,Neurology,Midlands,4403,2847,250,16.2,64.7
2023-10-01,Neurology,North West,3338,3034,291,16.3,90.9
2023-10-01,Neurology,North East,4326,2549,252,9.3,58.9
2023-10-01,Neurology,South East,3457,2390,322,7.5,69.1
2023-10-01,Neurology,South West,3456,2666,448,8.6,77.1
2023-10-01,Neurology,East of England,3629,2749,231,11.9,75.8
2023-10-01,Ophthalmology,London,2200,1271,236,11.6,57.8
2023-10-01,Ophthalmology,Midlands,2787,1702,321,22.7,61.1
2023-10-01,Ophthalmology,North West,4051,3081,273,10.2,76.1
2023-10-01,Ophthalmology,North East,2110,1599,99,8.9,75.8
2023-10-01,Ophthalmology,South East,2782,1845,212,15.9,66.3
2023-10-01,Ophthalmology,South West,1939,1528,213,12.4,78.8
2023-10-01,Ophthalmology,East of England,4794,3999,445,12.8,83.4
2023-10-01,General Surgery,London,2771,2358,91,6.1,85.1
2023-10-01,General Surgery,Midlands,3846,2462,99,17.7,64.0
2023-10-01,General Surgery,North West,3647,3000,146,14.8,82.3
2023-10-01,General Surgery,North East,3695,3139,471,26.0,85.0
2023-10-01,General Surgery,South East,2216,1642,45,24.0,74.1
2023-10-01,General Surgery,South West,1874,1474,136,20.6,78.7
2023-10-01,General Surgery,East of England,4782,4321,392,23.6,90.4
2023-10-01,Urology,London,1293,783,16,25.1,60.6
2023-10-01,Urology,Midlands,4637,2768,400,24.9,59.7
2023-10-01,Urology,North West,3894,2568,345,21.7,65.9
2023-10-01,Urology,North East,4475,3640,104,22.1,81.3
2023-10-01,Urology,South East,3763,2875,264,20.1,76.4
2023-10-01,Urology,South West,3504,2796,394,18.9,79.8
2023-10-01,Urology,East of England,905,723,135,23.2,79.9
2023-10-01,Gynaecology,London,4295,2955,640,27.9,68.8
2023-10-01,Gynaecology,Midlands,1374,1023,44,21.7,74.5
2023-10-01,Gynaecology,North West,3219,2922,167,22.6,90.8
2023-10-01,Gynaecology,North East,2507,1528,109,17.3,60.9
2023-10-01,Gynaecology,South East,3271,2214,386,18.6,67.7
2023-10-01,Gynaecology,South West,2652,2363,270,15.6,89.1
2023-10-01,Gynaecology,East of England,3958,2452,486,8.9,62.0
2023-10-01,ENT,London,2823,2530,93,6.9,89.6
2023-10-01,ENT,Midlands,1341,1135,158,26.2,84.6
2023-10-01,ENT,North West,4733,2778,437,23.1,58.7
2023-10-01,ENT,North East,2488,1458,239,15.6,58.6
2023-10-01,ENT,South East,4882,4316,605,12.9,88.4
2023-10-01,ENT,South West,3166,2836,193,17.7,89.6
2023-10-01,ENT,East of England,2636,2188,234,8.6,83.0
2023-10-01,Gastroenterology,London,4039,3064,488,12.0,75.9
2023-10-01,Gastroenterology,Midlands,2524,2161,275,16.5,85.6
2023-10-01,Gastroenterology,North West,1984,1670,56,7.8,84.2
2023-10-01,Gastroenterology,North East,2108,1649,206,27.7,78.2
2023-10-01,Gastroenterology,South East,2914,2113,220,6.7,72.5
2023-10-01,Gastroenterology,South West,3595,2182,482,12.0,60.7
2023-10-01,Gastroenterology,East of England,4592,2729,495,6.1,59.4
2023-10-01,Dermatology,London,2787,1533,308,8.4,55.0
2023-10-01,Dermatology,Midlands,4704,3562,309,20.8,75.7
2023-10-01,Dermatology,North West,1976,1451,112,12.5,73.4
2023-10-01,Dermatology,North East,930,676,82,24.0,72.7
2023-10-01,Dermatology,South East,3588,2877,245,21.4,80.2
2023-10-01,Dermatology,South West,4179,3037,293,6.2,72.7
2023-10-01,Dermatology,East of England,3836,2966,147,26.2,77.3
2023-11-01,Orthopaedics,London,3979,2357,66,18.5,59.2
2023-11-01,Orthopaedics,Midlands,3574,3079,447,11.1,86.1
2023-11-01,Orthopaedics,North West,4259,2503,482,15.9,58.8
2023-11-01,Orthopaedics,North East,1239,1074,115,17.4,86.7
2023-11-01,Orthopaedics,South East,4543,2628,148,14.5,57.8
2023-11-01,Orthopaedics,South West,4985,3509,115,16.7,70.4
2023-11-01,Orthopaedics,East of England,3829,2499,139,11.7,65.3
2023-11-01,Cardiology,London,2461,2195,309,13.3,89.2
2023-11-01,Cardiology,Midlands,4076,2735,118,9.4,67.1
2023-11-01,Cardiology,North West,2127,1273,35,21.3,59.8
2023-11-01,Cardiology,North East,3362,2901,352,27.0,86.3
2023-11-01,Cardiology,South East,1889,1070,60,9.0,56.6
2023-11-01,Cardiology,South West,4963,4378,600,18.0,88.2
2023-11-01,Cardiology,East of England,4111,3202,296,11.4,77.9
2023-11-01,Neurology,London,1425,952,91,19.7,66.8
2023-11-01,Neurology,Midlands,1194,847,79,6.6,70.9
2023-11-01,Neurology,North West,3955,2859,191,9.1,72.3
2023-11-01,Neurology,North East,4967,2921,448,14.8,58.8
2023-11-01,Neurology,South East,1723,1564,191,15.1,90.8
2023-11-01,Neurology,South West,2851,1604,301,24.4,56.3
2023-11-01,Neurology,East of England,1429,1302,15,25.2,91.1
2023-11-01,Ophthalmology,London,2769,2484,150,20.4,89.7
2023-11-01,Ophthalmology,Midlands,1734,1389,192,7.9,80.1
2023-11-01,Ophthalmology,North West,1176,702,160,17.6,59.7
2023-11-01,Ophthalmology,North East,3454,3151,498,13.2,91.2
2023-11-01,Ophthalmology,South East,2030,1285,268,11.8,63.3
2023-11-01,Ophthalmology,South West,2728,1573,346,9.8,57.7
2023-11-01,Ophthalmology,East of England,3245,2179,352,20.9,67.1
2023-11-01,General Surgery,London,1684,1533,120,7.3,91.0
2023-11-01,General Surgery,Midlands,3355,1877,210,21.3,55.9
2023-11-01,General Surgery,North West,2807,2330,241,25.3,83.0
2023-11-01,General Surgery,North East,1803,1516,207,10.6,84.1
2023-11-01,General Surgery,South East,2886,2488,212,22.0,86.2
2023-11-01,General Surgery,South West,4799,3936,715,20.9,82.0
2023-11-01,General Surgery,East of England,1172,691,116,17.5,59.0
2023-11-01,Urology,London,1501,1245,172,17.2,82.9
2023-11-01,Urology,Midlands,4714,3298,196,6.4,70.0
2023-11-01,Urology,North West,2361,1484,92,8.8,62.9
2023-11-01,Urology,North East,4946,2778,516,14.8,56.2
2023-11-01,Urology,South East,2726,1825,204,15.1,66.9
2023-11-01,Urology,South West,1426,914,109,26.3,64.1
2023-11-01,Urology,East of England,2963,1837,256,6.5,62.0
2023-11-01,Gynaecology,London,981,750,95,7.1,76.5
2023-11-01,Gynaecology,Midlands,4407,2545,222,19.8,57.7
2023-11-01,Gynaecology,North West,2964,2301,257,12.0,77.6
2023-11-01,Gynaecology,North East,3621,3026,200,22.3,83.6
2023-11-01,Gynaecology,South East,2772,1715,96,25.2,61.9
2023-11-01,Gynaecology,South West,4345,3449,290,11.8,79.4
2023-11-01,Gynaecology,East of England,3104,1836,218,21.1,59.1
2023-11-01,ENT,London,3265,2712,168,15.4,83.1
2023-11-01,ENT,Midlands,2080,1878,245,26.5,90.3
2023-11-01,ENT,North West,3110,2741,134,13.6,88.1
2023-11-01,ENT,North East,2407,2038,289,22.7,84.7
2023-11-01,ENT,South East,3892,2997,569,13.2,77.0
2023-11-01,ENT,South West,2946,1867,268,18.7,63.4
2023-11-01,ENT,East of England,4951,4180,487,13.0,84.4
2023-11-01,Gastroenterology,London,3111,2722,395,11.1,87.5
2023-11-01,Gastroenterology,Midlands,4027,3120,98,24.7,77.5
2023-11-01,Gastroenterology,North West,1193,855,141,10.6,71.7
2023-11-01,Gastroenterology,North East,4964,3017,715,23.1,60.8
2023-11-01,Gastroenterology,South East,1381,979,108,9.0,70.9
2023-11-01,Gastroenterology,South West,1798,1523,72,13.1,84.7
2023-11-01,Gastroenterology,East of England,930,596,113,19.5,64.1
2023-11-01,Dermatology,London,2581,2138,225,14.0,82.8
2023-11-01,Dermatology,Midlands,837,483,49,19.5,57.7
2023-11-01,Dermatology,North West,3464,2756,364,6.8,79.6
2023-11-01,Dermatology,North East,3414,2490,84,12.1,72.9
2023-11-01,Dermatology,South East,2333,1730,220,15.6,74.2
2023-11-01,Dermatology,South West,1890,1538,204,19.5,81.4
2023-11-01,Dermatology,East of England,2008,1277,284,19.0,63.6
2023-12-01,Orthopaedics,London,4587,3968,632,24.6,86.5
2023-12-01,Orthopaedics,Midlands,1732,1140,182,12.9,65.8
2023-12-01,Orthopaedics,North West,1792,1102,183,27.5,61.5
2023-12-01,Orthopaedics,North East,1904,1056,258,18.8,55.5
2023-12-01,Orthopaedics,South East,2130,1354,205,17.2,63.6
2023-12-01,Orthopaedics,South West,2642,2414,261,15.7,91.4
2023-12-01,Orthopaedics,East of England,3409,1881,357,18.1,55.2
2023-12-01,Cardiology,London,3549,2173,267,8.2,61.2
2023-12-01,Cardiology,Midlands,2864,2089,163,7.8,72.9
2023-12-01,Cardiology,North West,3568,3084,213,11.1,86.4
2023-12-01,Cardiology,North East,914,540,36,16.4,59.1
2023-12-01,Cardiology,South East,4173,3682,236,27.8,88.2
2023-12-01,Cardiology,South West,873,782,20,20.8,89.6
2023-12-01,Cardiology,East of England,2696,1573,69,6.7,58.3
2023-12-01,Neurology,London,1310,1019,14,23.1,77.8
2023-12-01,Neurology,Midlands,864,543,53,6.2,62.8
2023-12-01,Neurology,North West,1600,1232,86,18.3,77.0
2023-12-01,Neurology,North East,2038,1346,302,19.9,66.0
2023-12-01,Neurology,South East,2286,1902,54,23.1,83.2
2023-12-01,Neurology,South West,4331,2491,145,23.4,57.5
2023-12-01,Neurology,East of England,2640,1568,367,7.7,59.4
2023-12-01,Ophthalmology,London,3764,3408,59,7.7,90.5
2023-12-01,Ophthalmology,Midlands,4397,3623,414,20.8,82.4
2023-12-01,Ophthalmology,North West,3574,2820,143,22.0,78.9
2023-12-01,Ophthalmology,North East,2323,1636,118,22.8,70.4
2023-12-01,Ophthalmology,South East,4645,3057,99,6.3,65.8
2023-12-01,Ophthalmology,South West,2314,1618,225,25.6,69.9
2023-12-01,Ophthalmology,East of England,1378,1258,149,16.9,91.3
2023-12-01,General Surgery,London,4754,2782,302,26.8,58.5
2023-12-01,General Surgery,Midlands,1213,821,118,26.0,67.7
2023-12-01,General Surgery,North West,2746,2023,396,9.8,73.7
2023-12-01,General Surgery,North East,2132,1186,266,25.4,55.6
2023-12-01,General Surgery,South East,2365,1628,176,6.3,68.8
2023-12-01,General Surgery,South West,2358,1461,26,27.3,62.0
2023-12-01,General Surgery,East of England,1575,1431,46,18.9,90.9
2023-12-01,Urology,London,3071,1766,147,18.7,57.5
2023-12-01,Urology,Midlands,4214,3739,156,19.5,88.7
2023-12-01,Urology,North West,4565,4126,264,8.3,90.4
2023-12-01,Urology,North East,862,604,92,10.4,70.1
2023-12-01,Urology,South East,1644,1305,90,13.5,79.4
2023-12-01,Urology,South West,2078,1501,257,9.4,72.2
2023-12-01,Urology,East of England,4091,2258,70,26.2,55.2
2023-12-01,Gynaecology,London,2944,1865,254,27.0,63.3
2023-12-01,Gynaecology,Midlands,1342,843,165,23.0,62.8
2023-12-01,Gynaecology,North West,3751,3150,264,11.5,84.0
2023-12-01,Gynaecology,North East,1950,1128,155,9.3,57.8
2023-12-01,Gynaecology,South East,3712,2529,183,24.5,68.1
2023-12-01,Gynaecology,South West,1572,1095,97,12.3,69.7
2023-12-01,Gynaecology,East of England,4345,2492,478,17.6,57.4
2023-12-01,ENT,London,2671,1483,306,8.0,55.5
2023-12-01,ENT,Midlands,3246,2373,239,10.5,73.1
2023-12-01,ENT,North West,4704,3372,678,11.7,71.7
2023-12-01,ENT,North East,4089,3702,109,22.2,90.5
2023-12-01,ENT,South East,3558,2459,327,22.2,69.1
2023-12-01,ENT,South West,3300,2468,139,22.4,74.8
2023-12-01,ENT,East of England,1553,1164,56,10.1,75.0
2023-12-01,Gastroenterology,London,4452,3577,119,8.7,80.3
2023-12-01,Gastroenterology,Midlands,4210,3686,168,27.4,87.6
2023-12-01,Gastroenterology,North West,3953,2435,40,24.8,61.6
2023-12-01,Gastroenterology,North East,4944,3982,427,21.4,80.5
2023-12-01,Gastroenterology,South East,2340,1417,176,20.9,60.6
2023-12-01,Gastroenterology,South West,3881,2793,361,11.9,72.0
2023-12-01,Gastroenterology,East of England,3114,2463,113,7.4,79.1
2023-12-01,Dermatology,London,4600,2959,660,16.6,64.3
2023-12-01,Dermatology,Midlands,2567,2342,134,11.8,91.2
2023-12-01,Dermatology,North West,3056,2377,96,18.7,77.8
2023-12-01,Dermatology,North East,1166,1071,125,12.8,91.9
2023-12-01,Dermatology,South East,4321,3641,326,18.5,84.3
2023-12-01,Dermatology,South West,819,559,18,22.1,68.3
2023-12-01,Dermatology,East of England,3085,2026,105,22.8,65.7
2024-01-01,Orthopaedics,London,2242,1478,99,10.8,65.9
2024-01-01,Orthopaedics,Midlands,4203,3253,457,21.0,77.4
2024-01-01,Orthopaedics,North West,1585,1269,137,14.8,80.1
2024-01-01,Orthopaedics,North East,3994,2749,192,7.9,68.8
2024-01-01,Orthopaedics,South East,1333,922,16,16.1,69.2
2024-01-01,Orthopaedics,South West,2658,1669,172,7.4,62.8
2024-01-01,Orthopaedics,East of England,4312,3299,238,17.4,76.5
2024-01-01,Cardiology,London,1537,921,31,27.8,59.9
2024-01-01,Cardiology,Midlands,1139,890,142,17.3,78.1
2024-01-01,Cardiology,North West,1226,1040,15,10.1,84.8
2024-01-01,Cardiology,North East,4129,2845,609,20.6,68.9
2024-01-01,Cardiology,South East,1756,1128,37,14.9,64.2
2024-01-01,Cardiology,South West,1170,1071,37,17.4,91.5
2024-01-01,Cardiology,East of England,2925,2456,58,25.2,84.0
2024-01-01,Neurology,London,3542,2739,62,24.5,77.3
2024-01-01,Neurology,Midlands,1562,1092,19,19.0,69.9
2024-01-01,Neurology,North West,3646,3328,201,11.2,91.3
2024-01-01,Neurology,North East,3555,3210,201,18.4,90.3
2024-01-01,Neurology,South East,2493,1508,227,20.6,60.5
2024-01-01,Neurology,South West,4556,2936,102,7.7,64.4
2024-01-01,Neurology,East of England,1956,1522,190,12.5,77.8
2024-01-01,Ophthalmology,London,3129,1837,296,21.0,58.7
2024-01-01,Ophthalmology,Midlands,1783,993,200,15.2,55.7
2024-01-01,Ophthalmology,North West,3252,2136,334,19.5,65.7
2024-01-01,Ophthalmology,North East,4553,3654,451,25.4,80.3
2024-01-01,Ophthalmology,South East,3709,3077,235,15.0,83.0
2024-01-01,Ophthalmology,South West,1632,1442,104,23.1,88.4
2024-01-01,Ophthalmology,East of England,3545,2323,482,8.9,65.5
2024-01-01,General Surgery,London,2266,1926,57,8.7,85.0
2024-01-01,General Surgery,Midlands,4990,3043,307,8.2,61.0
2024-01-01,General Surgery,North West,3351,2323,80,23.6,69.3
2024-01-01,General Surgery,North East,1787,1539,244,7.6,86.1
2024-01-01,General Surgery,South East,996,624,116,26.9,62.7
2024-01-01,General Surgery,South West,1994,1269,156,14.6,63.6
2024-01-01,General Surgery,East of England,1817,1332,88,16.4,73.3
2024-01-01,Urology,London,4463,3366,393,12.1,75.4
2024-01-01,Urology,Midlands,2889,2001,243,19.2,69.3
2024-01-01,Urology,North West,2611,2272,351,11.9,87.0
2024-01-01,Urology,North East,2429,1570,119,26.0,64.6
2024-01-01,Urology,South East,2236,1661,281,18.7,74.3
2024-01-01,Urology,South West,2231,1747,252,24.9,78.3
2024-01-01,Urology,East of England,4531,3704,311,8.1,81.7
2024-01-01,Gynaecology,London,2846,1943,392,18.7,68.3
2024-01-01,Gynaecology,Midlands,2053,1347,113,18.4,65.6
2024-01-01,Gynaecology,North West,883,661,97,10.7,74.9
2024-01-01,Gynaecology,North East,3580,2345,394,18.5,65.5
2024-01-01,Gynaecology,South East,1569,1021,50,7.1,65.1
2024-01-01,Gynaecology,South West,2924,2052,97,10.5,70.2
2024-01-01,Gynaecology,East of England,2745,1910,96,12.3,69.6
2024-01-01,ENT,London,1984,1782,255,24.6,89.8
2024-01-01,ENT,Midlands,3582,2684,433,11.9,74.9
2024-01-01,ENT,North West,4877,4263,345,17.8,87.4
2024-01-01,ENT,North East,2789,2396,324,13.1,85.9
2024-01-01,ENT,South East,2497,1460,228,7.1,58.5
2024-01-01,ENT,South West,2465,2042,126,22.8,82.8
2024-01-01,ENT,East of England,4276,2616,176,8.8,61.2
2024-01-01,Gastroenterology,London,1198,835,47,17.5,69.7
2024-01-01,Gastroenterology,Midlands,4661,3666,159,21.0,78.7
2024-01-01,Gastroenterology,North West,4251,3464,177,27.7,81.5
2024-01-01,Gastroenterology,North East,1048,846,27,11.5,80.7
2024-01-01,Gastroenterology,South East,3660,3145,516,9.0,85.9
2024-01-01,Gastroenterology,South West,2922,2420,47,10.4,82.8
2024-01-01,Gastroenterology,East of England,849,616,14,19.4,72.6
2024-01-01,Dermatology,London,1965,1546,139,8.0,78.7
2024-01-01,Dermatology,Midlands,1904,1595,34,17.6,83.8
2024-01-01,Dermatology,North West,1003,759,21,25.9,75.7
2024-01-01,Dermatology,North East,2264,1670,255,8.7,73.8
2024-01-01,Dermatology,South East,4585,3040,185,13.2,66.3
2024-01-01,Dermatology,South West,1782,1093,82,16.3,61.3
2024-01-01,Dermatology,East of England,3809,3129,545,7.8,82.1
2024-02-01,Orthopaedics,London,2746,2187,251,16.7,79.6
2024-02-01,Orthopaedics,Midlands,2393,1641,206,17.4,68.6
2024-02-01,Orthopaedics,North West,2759,2283,95,14.2,82.7
2024-02-01,Orthopaedics,North East,4478,3808,564,23.6,85.0
2024-02-01,Orthopaedics,South East,3172,2515,403,14.2,79.3
2024-02-01,Orthopaedics,South West,1191,881,72,22.1,74.0
2024-02-01,Orthopaedics,East of England,1380,1072,160,18.0,77.7
2024-02-01,Cardiology,London,1323,854,70,9.6,64.6
2024-02-01,Cardiology,Midlands,2918,2238,279,24.1,76.7
2024-02-01,Cardiology,North West,1297,808,145,19.5,62.3
2024-02-01,Cardiology,North East,1524,919,40,19.8,60.3
2024-02-01,Cardiology,South East,2486,1597,213,23.6,64.2
2024-02-01,Cardiology,South West,850,686,59,21.2,80.7
2024-02-01,Cardiology,East of England,4673,3076,160,23.4,65.8
2024-02-01,Neurology,London,2276,1665,84,22.5,73.2
2024-02-01,Neurology,Midlands,3530,2440,220,11.4,69.1
2024-02-01,Neurology,North West,4845,2759,602,24.1,56.9
2024-02-01,Neurology,North East,4997,2949,380,22.5,59.0
2024-02-01,Neurology,South East,2366,1648,191,27.9,69.7
2024-02-01,Neurology,South West,2896,1807,196,19.5,62.4
2024-02-01,Neurology,East of England,1807,1090,172,26.5,60.3
2024-02-01,Ophthalmology,London,4043,2699,124,23.4,66.8
2024-02-01,Ophthalmology,Midlands,1758,1032,250,7.7,58.7
2024-02-01,Ophthalmology,North West,2430,1717,213,10.7,70.7
2024-02-01,Ophthalmology,North East,1005,701,37,12.0,69.8
2024-02-01,Ophthalmology,South East,3945,2519,532,27.4,63.9
2024-02-01,Ophthalmology,South West,978,700,47,26.7,71.6
2024-02-01,Ophthalmology,East of England,3668,2666,312,16.8,72.7
2024-02-01,General Surgery,London,3098,2174,411,17.6,70.2
2024-02-01,General Surgery,Midlands,1374,928,122,12.4,67.5
2024-02-01,General Surgery,North West,2301,1664,93,13.4,72.3
2024-02-01,General Surgery,North East,3991,3631,476,9.1,91.0
2024-02-01,General Surgery,South East,3191,2674,183,9.9,83.8
2024-02-01,General Surgery,South West,2878,2291,315,25.4,79.6
2024-02-01,General Surgery,East of England,1920,1177,278,17.6,61.3
2024-02-01,Urology,London,2708,2113,279,18.0,78.0
2024-02-01,Urology,Midlands,1297,855,104,25.1,65.9
2024-02-01,Urology,North West,1262,922,32,7.8,73.1
2024-02-01,Urology,North East,4189,3518,428,17.4,84.0
2024-02-01,Urology,South East,1211,1104,75,8.4,91.2
2024-02-01,Urology,South West,3424,2990,459,6.2,87.3
2024-02-01,Urology,East of England,2628,1636,342,9.2,62.3
2024-02-01,Gynaecology,London,2456,1879,254,13.2,76.5
2024-02-01,Gynaecology,Midlands,2191,1989,327,8.6,90.8
2024-02-01,Gynaecology,North West,3931,2708,332,26.7,68.9
2024-02-01,Gynaecology,North East,2044,1782,81,15.4,87.2
2024-02-01,Gynaecology,South East,843,575,60,17.4,68.2
2024-02-01,Gynaecology,South West,4730,3170,421,25.4,67.0
2024-02-01,Gynaecology,East of England,3582,2703,72,12.3,75.5
2024-02-01,ENT,London,3930,3065,75,17.7,78.0
2024-02-01,ENT,Midlands,1285,841,133,6.4,65.4
2024-02-01,ENT,North West,2379,1542,127,17.6,64.8
2024-02-01,ENT,North East,2459,1875,89,19.3,76.3
2024-02-01,ENT,South East,2955,1944,203,21.5,65.8
2024-02-01,ENT,South West,3536,3113,204,28.0,88.0
2024-02-01,ENT,East of England,4495,4096,76,10.0,91.1
2024-02-01,Gastroenterology,London,3702,2619,415,19.7,70.7
2024-02-01,Gastroenterology,Midlands,3024,2226,422,23.9,73.6
2024-02-01,Gastroenterology,North West,3583,2910,67,6.8,81.2
2024-02-01,Gastroenterology,North East,2978,1961,413,9.8,65.8
2024-02-01,Gastroenterology,South East,3062,1789,425,13.6,58.4
2024-02-01,Gastroenterology,South West,2017,1113,151,6.5,55.2
2024-02-01,Gastroenterology,East of England,813,603,16,8.4,74.2
2024-02-01,Dermatology,London,2259,2023,71,6.7,89.6
2024-02-01,Dermatology,Midlands,4287,3265,412,23.4,76.2
2024-02-01,Dermatology,North West,2025,1259,87,25.3,62.2
2024-02-01,Dermatology,North East,2786,2527,90,10.0,90.7
2024-02-01,Dermatology,South East,2990,1883,384,15.1,63.0
2024-02-01,Dermatology,South West,4107,3716,408,24.6,90.5
2024-02-01,Dermatology,East of England,885,622,129,18.8,70.3
2024-03-01,Orthopaedics,London,4201,3470,371,19.9,82.6
2024-03-01,Orthopaedics,Midlands,4890,2761,186,10.1,56.5
2024-03-01,Orthopaedics,North West,3732,2549,257,8.2,68.3
2024-03-01,Orthopaedics,North East,3202,2397,231,20.0,74.9
2024-03-01,Orthopaedics,South East,3904,2937,335,27.5,75.2
2024-03-01,Orthopaedics,South West,4413,3798,307,20.2,86.1
2024-03-01,Orthopaedics,East of England,2094,1798,64,20.5,85.9
2024-03-01,Cardiology,London,1287,1183,117,6.9,91.9
2024-03-01,Cardiology,Midlands,4875,3952,311,11.4,81.1
2024-03-01,Cardiology,North West,2617,1718,97,27.4,65.6
2024-03-01,Cardiology,North East,3321,2112,392,7.9,63.6
2024-03-01,Cardiology,South East,827,609,39,17.7,73.6
2024-03-01,Cardiology,South West,2064,1273,177,26.9,61.7
2024-03-01,Cardiology,East of England,4670,4260,223,21.2,91.2
2024-03-01,Neurology,London,2470,1607,83,16.6,65.1
2024-03-01,Neurology,Midlands,1198,790,150,13.9,65.9
2024-03-01,Neurology,North West,3452,2866,322,12.0,83.0
2024-03-01,Neurology,North East,1996,1192,230,10.7,59.7
2024-03-01,Neurology,South East,3215,2160,239,10.5,67.2
2024-03-01,Neurology,South West,4577,3913,536,14.2,85.5
2024-03-01,Neurology,East of England,4700,3689,301,26.0,78.5
2024-03-01,Ophthalmology,London,3046,2742,44,7.0,90.0
2024-03-01,Ophthalmology,Midlands,2255,1848,201,10.3,82.0
2024-03-01,Ophthalmology,North West,4482,4011,136,21.2,89.5
2024-03-01,Ophthalmology,North East,3694,2785,91,6.5,75.4
2024-03-01,Ophthalmology,South East,2481,2160,161,26.3,87.1
2024-03-01,Ophthalmology,South West,4916,3919,174,19.5,79.7
2024-03-01,Ophthalmology,East of England,2750,2235,288,13.8,81.3
2024-03-01,General Surgery,London,4786,4200,92,27.0,87.8
2024-03-01,General Surgery,Midlands,1957,1352,44,8.5,69.1
2024-03-01,General Surgery,North West,3741,2764,120,14.2,73.9
2024-03-01,General Surgery,North East,1399,905,22,6.0,64.7
2024-03-01,General Surgery,South East,2558,1485,62,16.3,58.1
2024-03-01,General Surgery,South West,3095,2004,309,21.5,64.7
2024-03-01,General Surgery,East of England,3543,2942,137,18.0,83.0
2024-03-01,Urology,London,4236,3171,580,7.3,74.9
2024-03-01,Urology,Midlands,1836,1391,188,24.3,75.8
2024-03-01,Urology,North West,1308,1126,53,22.2,86.1
2024-03-01,Urology,North East,2518,1661,191,8.1,66.0
2024-03-01,Urology,South East,2576,2244,360,13.4,87.1
2024-03-01,Urology,South West,2133,1359,300,27.0,63.7
2024-03-01,Urology,East of England,2254,1599,119,14.0,70.9
2024-03-01,Gynaecology,London,1888,1632,282,17.2,86.4
2024-03-01,Gynaecology,Midlands,3490,2878,209,18.8,82.5
2024-03-01,Gynaecology,North West,3616,2658,153,17.9,73.5
2024-03-01,Gynaecology,North East,2197,1891,67,24.8,86.1
2024-03-01,Gynaecology,South East,2362,1447,86,26.4,61.3
2024-03-01,Gynaecology,South West,1829,1335,72,10.4,73.0
2024-03-01,Gynaecology,East of England,1317,1133,79,15.4,86.0
2024-03-01,ENT,London,937,817,10,14.5,87.2
2024-03-01,ENT,Midlands,1379,1049,62,12.8,76.1
2024-03-01,ENT,North West,3389,1894,354,26.5,55.9
2024-03-01,ENT,North East,4368,2841,278,22.2,65.0
2024-03-01,ENT,South East,4560,2904,109,9.3,63.7
2024-03-01,ENT,South West,2401,1965,250,13.4,81.8
2024-03-01,ENT,East of England,911,541,43,17.2,59.4
2024-03-01,Gastroenterology,London,3239,2310,185,12.5,71.3
2024-03-01,Gastroenterology,Midlands,3653,3220,464,7.0,88.1
2024-03-01,Gastroenterology,North West,2769,1560,99,22.4,56.3
2024-03-01,Gastroenterology,North East,4786,2976,171,12.3,62.2
2024-03-01,Gastroenterology,South East,1413,1278,18,22.3,90.4
2024-03-01,Gastroenterology,South West,3499,3201,246,20.1,91.5
2024-03-01,Gastroenterology,East of England,4328,2600,296,24.7,60.1
2024-03-01,Dermatology,London,3779,2278,514,9.8,60.3
2024-03-01,Dermatology,Midlands,3820,2631,277,23.4,68.9
2024-03-01,Dermatology,North West,1837,1499,24,18.4,81.6
2024-03-01,Dermatology,North East,1781,1272,253,24.1,71.4
2024-03-01,Dermatology,South East,1174,646,64,10.8,55.0
2024-03-01,Dermatology,South West,3728,2573,474,12.9,69.0
2024-03-01,Dermatology,East of England,3369,2497,134,17.8,74.1
2024-04-01,Orthopaedics,London,4572,2911,213,21.5,63.7
2024-04-01,Orthopaedics,Midlands,2785,2010,35,9.1,72.2
2024-04-01,Orthopaedics,North West,923,664,33,20.0,71.9
2024-04-01,Orthopaedics,North East,4189,2457,296,8.8,58.7
2024-04-01,Orthopaedics,South East,1240,1089,110,21.0,87.8
2024-04-01,Orthopaedics,South West,1912,1707,112,13.2,89.3
2024-04-01,Orthopaedics,East of England,4293,3144,220,13.2,73.2
2024-04-01,Cardiology,London,4725,3401,496,20.3,72.0
2024-04-01,Cardiology,Midlands,1804,1588,255,23.2,88.0
2024-04-01,Cardiology,North West,3656,2542,219,24.3,69.5
2024-04-01,Cardiology,North East,1991,1322,209,18.4,66.4
2024-04-01,Cardiology,South East,3042,2297,156,10.3,75.5
2024-04-01,Cardiology,South West,1773,1566,82,25.1,88.3
2024-04-01,Cardiology,East of England,1107,650,31,20.9,58.7
2024-04-01,Neurology,London,1572,1444,207,12.5,91.9
2024-04-01,Neurology,Midlands,1339,1169,19,25.7,87.3
2024-04-01,Neurology,North West,1847,1128,237,23.9,61.1
2024-04-01,Neurology,North East,4300,3301,366,23.3,76.8
2024-04-01,Neurology,South East,3121,2706,132,23.7,86.7
2024-04-01,Neurology,South West,3553,3023,503,13.4,85.1
2024-04-01,Neurology,East of England,1089,663,122,15.5,60.9
2024-04-01,Ophthalmology,London,2763,1888,365,25.3,68.3
2024-04-01,Ophthalmology,Midlands,3273,2559,112,7.4,78.2
2024-04-01,Ophthalmology,North West,1669,1259,235,21.9,75.4
2024-04-01,Ophthalmology,North East,1192,897,92,7.0,75.3
2024-04-01,Ophthalmology,South East,3753,2634,184,19.4,70.2
2024-04-01,Ophthalmology,South West,1632,1058,95,20.3,64.8
2024-04-01,Ophthalmology,East of England,3909,2416,498,8.7,61.8
2024-04-01,General Surgery,London,4992,3005,691,16.1,60.2
2024-04-01,General Surgery,Midlands,3092,2285,334,16.5,73.9
2024-04-01,General Surgery,North West,4652,2937,591,21.2,63.1
2024-04-01,General Surgery,North East,3578,2476,421,9.1,69.2
2024-04-01,General Surgery,South East,2637,1770,66,26.6,67.1
2024-04-01,General Surgery,South West,2471,1835,160,27.1,74.3
2024-04-01,General Surgery,East of England,2938,2150,150,22.9,73.2
2024-04-01,Urology,London,3532,2436,405,26.1,69.0
2024-04-01,Urology,Midlands,1559,1218,194,16.0,78.1
2024-04-01,Urology,North West,4281,2652,512,19.1,61.9
2024-04-01,Urology,North East,3270,2396,315,7.4,73.3
2024-04-01,Urology,South East,4522,2674,672,12.2,59.1
2024-04-01,Urology,South West,2370,1463,143,22.6,61.7
2024-04-01,Urology,East of England,3470,2353,135,15.8,67.8
2024-04-01,Gynaecology,London,2427,1808,182,28.0,74.5
2024-04-01,Gynaecology,Midlands,3974,2754,319,10.2,69.3
2024-04-01,Gynaecology,North West,4547,3463,167,23.5,76.2
2024-04-01,Gynaecology,North East,2639,2410,346,18.8,91.3
2024-04-01,Gynaecology,South East,2078,1357,90,16.9,65.3
2024-04-01,Gynaecology,South West,4966,3547,509,21.1,71.4
2024-04-01,Gynaecology,East of England,3366,2738,210,26.4,81.3
2024-04-01,ENT,London,2356,2104,255,11.4,89.3
2024-04-01,ENT,Midlands,4744,2897,84,8.7,61.1
2024-04-01,ENT,North West,2913,2196,353,13.3,75.4
2024-04-01,ENT,North East,2821,2068,401,22.4,73.3
2024-04-01,ENT,South East,2742,1555,238,16.3,56.7
2024-04-01,ENT,South West,2632,1698,125,15.0,64.5
2024-04-01,ENT,East of England,3023,2621,266,24.9,86.7
2024-04-01,Gastroenterology,London,4611,3017,399,7.8,65.4
2024-04-01,Gastroenterology,Midlands,4408,3083,287,12.7,69.9
2024-04-01,Gastroenterology,North West,4678,2896,613,14.6,61.9
2024-04-01,Gastroenterology,North East,2037,1318,33,11.9,64.7
2024-04-01,Gastroenterology,South East,2194,1928,89,20.9,87.9
2024-04-01,Gastroenterology,South West,1871,1411,243,8.2,75.4
2024-04-01,Gastroenterology,East of England,4528,3670,507,25.7,81.1
2024-04-01,Dermatology,London,3007,2319,290,6.7,77.1
2024-04-01,Dermatology,Midlands,3315,2539,375,13.0,76.6
2024-04-01,Dermatology,North West,2454,1739,102,16.0,70.9
2024-04-01,Dermatology,North East,1459,1309,95,21.8,89.7
2024-04-01,Dermatology,South East,3350,2999,280,17.8,89.5
2024-04-01,Dermatology,South West,1434,1103,34,27.9,76.9
2024-04-01,Dermatology,East of England,4815,3785,645,15.3,78.6
2024-05-01,Orthopaedics,London,2337,1303,332,9.7,55.8
2024-05-01,Orthopaedics,Midlands,2794,1566,383,24.1,56.0
2024-05-01,Orthopaedics,North West,3645,2083,116,8.3,57.1
2024-05-01,Orthopaedics,North East,931,635,16,20.1,68.2
2024-05-01,Orthopaedics,South East,3488,2174,265,16.8,62.3
2024-05-01,Orthopaedics,South West,1086,830,48,12.8,76.4
2024-05-01,Orthopaedics,East of England,3503,2313,400,27.8,66.0
2024-05-01,Cardiology,London,1052,869,26,15.3,82.6
2024-05-01,Cardiology,Midlands,3411,1918,264,12.6,56.2
2024-05-01,Cardiology,North West,4483,3464,329,15.0,77.3
2024-05-01,Cardiology,North East,1399,790,188,28.0,56.5
2024-05-01,Cardiology,South East,3618,2019,510,25.9,55.8
2024-05-01,Cardiology,South West,2019,1743,232,15.9,86.3
2024-05-01,Cardiology,East of England,4004,3200,98,16.0,79.9
2024-05-01,Neurology,London,3886,2938,389,19.5,75.6
2024-05-01,Neurology,Midlands,1825,1231,145,20.8,67.5
2024-05-01,Neurology,North West,1271,910,55,6.0,71.6
2024-05-01,Neurology,North East,4748,3650,410,18.3,76.9
2024-05-01,Neurology,South East,2779,1933,106,7.6,69.6
2024-05-01,Neurology,South West,1802,1137,63,6.3,63.1
2024-05-01,Neurology,East of England,4105,2973,544,15.8,72.4
2024-05-01,Ophthalmology,London,2230,1286,254,22.7,57.7
2024-05-01,Ophthalmology,Midlands,1190,1050,166,23.6,88.2
2024-05-01,Ophthalmology,North West,3405,2034,330,7.2,59.7
2024-05-01,Ophthalmology,North East,1953,1754,251,24.6,89.8
2024-05-01,Ophthalmology,South East,1444,946,93,6.0,65.5
2024-05-01,Ophthalmology,South West,910,664,119,15.9,73.0
2024-05-01,Ophthalmology,East of England,2448,2037,82,19.9,83.2
2024-05-01,General Surgery,London,2494,2245,126,11.0,90.0
2024-05-01,General Surgery,Midlands,3502,3151,384,22.3,90.0
2024-05-01,General Surgery,North West,1462,1213,69,25.6,83.0
2024-05-01,General Surgery,North East,1742,1471,118,9.3,84.4
2024-05-01,General Surgery,South East,3517,2093,128,10.7,59.5
2024-05-01,General Surgery,South West,1447,910,197,25.8,62.9
2024-05-01,General Surgery,East of England,2175,1570,249,10.9,72.2
2024-05-01,Urology,London,1667,1501,239,27.8,90.0
2024-05-01,Urology,Midlands,2735,2233,269,8.2,81.6
2024-05-01,Urology,North West,2040,1362,293,23.4,66.8
2024-05-01,Urology,North East,1805,1083,125,9.0,60.0
2024-05-01,Urology,South East,4541,2747,462,23.3,60.5
2024-05-01,Urology,South West,2302,1825,233,8.1,79.3
2024-05-01,Urology,East of England,2249,1539,164,24.9,68.4
2024-05-01,Gynaecology,London,1595,1002,33,12.1,62.8
2024-05-01,Gynaecology,Midlands,4370,3638,238,9.2,83.2
2024-05-01,Gynaecology,North West,1184,693,93,24.0,58.5
2024-05-01,Gynaecology,North East,2496,1817,44,27.5,72.8
2024-05-01,Gynaecology,South East,4615,3549,536,10.2,76.9
2024-05-01,Gynaecology,South West,803,707,36,11.3,88.0
2024-05-01,Gynaecology,East of England,4689,3165,117,21.3,67.5
2024-05-01,ENT,London,1089,972,43,11.6,89.3
2024-05-01,ENT,Midlands,1969,1287,91,10.9,65.4
2024-05-01,ENT,North West,1782,1497,249,22.6,84.0
2024-05-01,ENT,North East,4112,2643,186,19.8,64.3
2024-05-01,ENT,South East,2145,1279,205,10.4,59.6
2024-05-01,ENT,South West,1811,1495,265,19.1,82.6
2024-05-01,ENT,East of England,2692,1492,390,16.4,55.4
2024-05-01,Gastroenterology,London,2216,1323,144,12.0,59.7
2024-05-01,Gastroenterology,Midlands,2378,1772,114,26.0,74.5
2024-05-01,Gastroenterology,North West,3937,2620,135,19.0,66.5
2024-05-01,Gastroenterology,North East,4757,4055,129,10.0,85.2
2024-05-01,Gastroenterology,South East,1727,1062,77,27.4,61.5
2024-05-01,Gastroenterology,South West,3195,2007,58,17.8,62.8
2024-05-01,Gastroenterology,East of England,2050,1153,155,14.8,56.2
2024-05-01,Dermatology,London,1526,1227,227,14.7,80.4
2024-05-01,Dermatology,Midlands,4154,3562,311,22.2,85.7
2024-05-01,Dermatology,North West,4974,3249,161,15.4,65.3
2024-05-01,Dermatology,North East,3743,3209,102,9.0,85.7
2024-05-01,Dermatology,South East,2258,1364,66,18.8,60.4
2024-05-01,Dermatology,South West,1012,781,32,10.6,77.2
2024-05-01,Dermatology,East of England,3842,2837,313,23.9,73.8
2024-06-01,Orthopaedics,London,2532,1670,133,25.5,66.0
2024-06-01,Orthopaedics,Midlands,2070,1392,165,6.3,67.2
2024-06-01,Orthopaedics,North West,4331,2453,238,18.5,56.6
2024-06-01,Orthopaedics,North East,1004,791,134,14.8,78.8
2024-06-01,Orthopaedics,South East,2132,1331,292,11.8,62.4
2024-06-01,Orthopaedics,South West,2037,1431,60,17.2,70.3
2024-06-01,Orthopaedics,East of England,2238,1316,101,26.2,58.8
2024-06-01,Cardiology,London,3112,1947,328,22.8,62.6
2024-06-01,Cardiology,Midlands,3216,2581,358,25.7,80.3
2024-06-01,Cardiology,North West,1216,690,75,12.0,56.7
2024-06-01,Cardiology,North East,2382,1451,56,17.5,60.9
2024-06-01,Cardiology,South East,3063,2634,251,14.3,86.0
2024-06-01,Cardiology,South West,1202,1041,50,24.7,86.6
2024-06-01,Cardiology,East of England,1749,1090,29,8.4,62.3
2024-06-01,Neurology,London,3848,3179,471,22.2,82.6
2024-06-01,Neurology,Midlands,3060,2740,121,8.3,89.5
2024-06-01,Neurology,North West,942,568,83,10.1,60.3
2024-06-01,Neurology,North East,4687,3852,87,22.4,82.2
2024-06-01,Neurology,South East,1837,1253,248,7.5,68.2
2024-06-01,Neurology,South West,1605,1066,212,13.4,66.4
2024-06-01,Neurology,East of England,1631,1357,114,25.0,83.2
2024-06-01,Ophthalmology,London,2394,1532,341,13.9,64.0
2024-06-01,Ophthalmology,Midlands,1073,954,22,15.4,88.9
2024-06-01,Ophthalmology,North West,2790,1730,360,21.5,62.0
2024-06-01,Ophthalmology,North East,4538,4125,545,27.2,90.9
2024-06-01,Ophthalmology,South East,1437,832,95,20.2,57.9
2024-06-01,Ophthalmology,South West,4937,3640,298,23.2,73.7
2024-06-01,Ophthalmology,East of England,959,783,139,26.5,81.6
2024-06-01,General Surgery,London,3962,3183,54,25.8,80.3
2024-06-01,General Surgery,Midlands,2549,2123,345,23.4,83.3
2024-06-01,General Surgery,North West,1721,1197,163,6.9,69.6
2024-06-01,General Surgery,North East,4382,2571,287,8.3,58.7
2024-06-01,General Surgery,South East,1511,990,218,14.3,65.5
2024-06-01,General Surgery,South West,1190,779,31,8.3,65.5
2024-06-01,General Surgery,East of England,2947,1699,175,6.6,57.7
2024-06-01,Urology,London,4625,3395,304,22.5,73.4
2024-06-01,Urology,Midlands,4442,2885,416,10.4,64.9
2024-06-01,Urology,North West,1557,1404,173,23.6,90.2
2024-06-01,Urology,North East,4017,3444,552,11.6,85.7
2024-06-01,Urology,South East,3525,2378,86,18.6,67.5
2024-06-01,Urology,South West,1382,1247,99,21.2,90.2
2024-06-01,Urology,East of England,2437,1589,144,10.8,65.2
2024-06-01,Gynaecology,London,3420,2530,112,16.2,74.0
2024-06-01,Gynaecology,Midlands,1984,1450,155,7.7,73.1
2024-06-01,Gynaecology,North West,3545,2370,243,19.1,66.9
2024-06-01,Gynaecology,North East,4708,3301,392,9.0,70.1
2024-06-01,Gynaecology,South East,2488,1766,217,24.3,71.0
2024-06-01,Gynaecology,South West,872,540,49,7.7,61.9
2024-06-01,Gynaecology,East of England,3293,2639,155,13.3,80.1
2024-06-01,ENT,London,832,519,10,18.4,62.4
2024-06-01,ENT,Midlands,3192,2235,471,23.0,70.0
2024-06-01,ENT,North West,1617,1422,117,18.1,87.9
2024-06-01,ENT,North East,2010,1328,71,15.8,66.1
2024-06-01,ENT,South East,2687,2020,94,13.6,75.2
2024-06-01,ENT,South West,948,521,116,13.3,55.0
2024-06-01,ENT,East of England,2472,1470,137,18.4,59.5
2024-06-01,Gastroenterology,London,4871,3812,148,27.3,78.3
2024-06-01,Gastroenterology,Midlands,3772,2877,95,9.9,76.3
2024-06-01,Gastroenterology,North West,3748,3387,242,15.2,90.4
2024-06-01,Gastroenterology,North East,1735,1400,192,18.4,80.7
2024-06-01,Gastroenterology,South East,4391,3534,594,21.4,80.5
2024-06-01,Gastroenterology,South West,4111,3518,131,13.6,85.6
2024-06-01,Gastroenterology,East of England,4835,3190,429,11.5,66.0
2024-06-01,Dermatology,London,4530,2676,571,19.3,59.1
2024-06-01,Dermatology,Midlands,4291,2528,606,7.0,58.9
2024-06-01,Dermatology,North West,1868,1270,35,27.7,68.0
2024-06-01,Dermatology,North East,2657,1600,73,16.0,60.2
2024-06-01,Dermatology,South East,3894,3552,179,16.1,91.2
2024-06-01,Dermatology,South West,2756,2019,319,17.5,73.3
2024-06-01,Dermatology,East of England,3053,2168,230,21.5,71.0
2024-07-01,Orthopaedics,London,1661,1140,51,11.7,68.6
2024-07-01,Orthopaedics,Midlands,4099,3599,461,18.3,87.8
2024-07-01,Orthopaedics,North West,4484,3244,365,20.0,72.3
2024-07-01,Orthopaedics,North East,4466,2555,652,16.2,57.2
2024-07-01,Orthopaedics,South East,4823,3793,637,15.0,78.6
2024-07-01,Orthopaedics,South West,3944,3292,216,24.5,83.5
2024-07-01,Orthopaedics,East of England,4370,3483,451,21.4,79.7
2024-07-01,Cardiology,London,3219,1880,353,7.5,58.4
2024-07-01,Cardiology,Midlands,3169,2297,169,25.1,72.5
2024-07-01,Cardiology,North West,1487,890,41,23.9,59.9
2024-07-01,Cardiology,North East,4798,3833,596,26.5,79.9
2024-07-01,Cardiology,South East,2924,2171,368,6.9,74.2
2024-07-01,Cardiology,South West,1878,1098,101,25.3,58.5
2024-07-01,Cardiology,East of England,4157,2990,479,23.4,71.9
2024-07-01,Neurology,London,4343,3946,223,19.8,90.9
2024-07-01,Neurology,Midlands,2512,1842,187,21.6,73.3
2024-07-01,Neurology,North West,2178,1717,209,11.1,78.8
2024-07-01,Neurology,North East,1100,695,33,18.6,63.2
2024-07-01,Neurology,South East,1077,915,133,20.1,85.0
2024-07-01,Neurology,South West,2189,1531,236,6.9,69.9
2024-07-01,Neurology,East of England,4616,4030,297,8.6,87.3
2024-07-01,Ophthalmology,London,4109,3119,402,24.9,75.9
2024-07-01,Ophthalmology,Midlands,860,786,61,17.4,91.4
2024-07-01,Ophthalmology,North West,2530,2037,269,21.5,80.5
2024-07-01,Ophthalmology,North East,4887,2871,531,10.5,58.7
2024-07-01,Ophthalmology,South East,4053,3621,594,26.7,89.3
2024-07-01,Ophthalmology,South West,986,728,34,23.7,73.8
2024-07-01,Ophthalmology,East of England,1454,1309,194,11.4,90.0
2024-07-01,General Surgery,London,4067,2297,469,15.4,56.5
2024-07-01,General Surgery,Midlands,2763,1619,358,16.6,58.6
2024-07-01,General Surgery,North West,1515,1291,209,12.6,85.2
2024-07-01,General Surgery,North East,4123,2691,521,8.1,65.3
2024-07-01,General Surgery,South East,1039,753,131,22.1,72.5
2024-07-01,General Surgery,South West,2826,2427,170,16.0,85.9
2024-07-01,General Surgery,East of England,3513,2582,242,9.8,73.5
2024-07-01,Urology,London,1638,1324,175,17.1,80.8
2024-07-01,Urology,Midlands,3801,2890,513,20.0,76.0
2024-07-01,Urology,North West,1352,1077,98,21.2,79.7
2024-07-01,Urology,North East,1964,1645,87,22.9,83.8
2024-07-01,Urology,South East,3797,2419,236,10.0,63.7
2024-07-01,Urology,South West,2559,2123,317,6.1,83.0
2024-07-01,Urology,East of England,3280,2743,52,15.4,83.6
2024-07-01,Gynaecology,London,1368,794,48,16.5,58.0
2024-07-01,Gynaecology,Midlands,3788,3334,464,20.0,88.0
2024-07-01,Gynaecology,North West,4374,2792,182,14.7,63.8
2024-07-01,Gynaecology,North East,1359,1011,151,6.4,74.4
2024-07-01,Gynaecology,South East,1411,1148,21,14.3,81.4
2024-07-01,Gynaecology,South West,2509,2269,155,24.5,90.4
2024-07-01,Gynaecology,East of England,2045,1795,138,14.2,87.8
2024-07-01,ENT,London,4246,2574,124,8.9,60.6
2024-07-01,ENT,Midlands,3298,2987,300,27.7,90.6
2024-07-01,ENT,North West,1831,1317,101,10.0,71.9
2024-07-01,ENT,North East,4890,4399,724,7.0,90.0
2024-07-01,ENT,South East,963,596,58,8.8,61.9
2024-07-01,ENT,South West,2677,1563,47,23.6,58.4
2024-07-01,ENT,East of England,2148,1643,154,6.5,76.5
2024-07-01,Gastroenterology,London,1232,978,160,7.7,79.4
2024-07-01,Gastroenterology,Midlands,914,837,107,27.2,91.6
2024-07-01,Gastroenterology,North West,1757,1576,20,9.8,89.7
2024-07-01,Gastroenterology,North East,2501,2230,313,24.6,89.2
2024-07-01,Gastroenterology,South East,1348,759,190,18.9,56.3
2024-07-01,Gastroenterology,South West,1956,1183,246,24.4,60.5
2024-07-01,Gastroenterology,East of England,3048,2403,186,12.7,78.8
2024-07-01,Dermatology,London,2130,1808,191,6.2,84.9
2024-07-01,Dermatology,Midlands,4472,2635,117,19.3,58.9
2024-07-01,Dermatology,North West,851,711,14,6.8,83.5
2024-07-01,Dermatology,North East,2912,2569,271,10.6,88.2
2024-07-01,Dermatology,South East,2154,1207,33,19.5,56.0
2024-07-01,Dermatology,South West,1037,738,90,23.6,71.2
2024-07-01,Dermatology,East of England,1299,1007,93,7.3,77.5
2024-08-01,Orthopaedics,London,1935,1589,187,27.3,82.1
2024-08-01,Orthopaedics,Midlands,4006,3613,341,20.8,90.2
2024-08-01,Orthopaedics,North West,4084,2523,45,13.6,61.8
2024-08-01,Orthopaedics,North East,3063,1784,457,25.7,58.2
2024-08-01,Orthopaedics,South East,3563,2417,349,6.9,67.8
2024-08-01,Orthopaedics,South West,1487,1055,89,14.6,70.9
2024-08-01,Orthopaedics,East of England,1507,1008,104,9.2,66.9
2024-08-01,Cardiology,London,2333,1679,112,27.7,72.0
2024-08-01,Cardiology,Midlands,1495,1123,215,25.5,75.1
2024-08-01,Cardiology,North West,3764,2959,127,24.9,78.6
2024-08-01,Cardiology,North East,3115,2141,116,8.5,68.7
2024-08-01,Cardiology,South East,1384,885,21,27.7,63.9
2024-08-01,Cardiology,South West,2548,2204,248,26.3,86.5
2024-08-01,Cardiology,East of England,3229,2032,434,27.9,62.9
2024-08-01,Neurology,London,2277,1686,243,7.7,74.0
2024-08-01,Neurology,Midlands,801,729,37,10.7,91.0
2024-08-01,Neurology,North West,3539,2826,524,26.1,79.9
2024-08-01,Neurology,North East,3968,2336,172,10.1,58.9
2024-08-01,Neurology,South East,3035,2507,123,7.6,82.6
2024-08-01,Neurology,South West,2216,1480,232,26.9,66.8
2024-08-01,Neurology,East of England,3331,2258,243,22.5,67.8
2024-08-01,Ophthalmology,London,3031,1683,53,12.2,55.5
2024-08-01,Ophthalmology,Midlands,2580,1866,345,14.0,72.3
2024-08-01,Ophthalmology,North West,4522,3026,578,10.0,66.9
2024-08-01,Ophthalmology,North East,2515,1750,85,16.9,69.6
2024-08-01,Ophthalmology,South East,4807,4344,339,23.3,90.4
2024-08-01,Ophthalmology,South West,4036,2681,252,16.3,66.4
2024-08-01,Ophthalmology,East of England,3948,2679,260,13.9,67.9
2024-08-01,General Surgery,London,2581,2089,285,15.7,80.9
2024-08-01,General Surgery,Midlands,4175,3285,493,20.0,78.7
2024-08-01,General Surgery,North West,1248,968,54,25.1,77.6
2024-08-01,General Surgery,North East,4296,3824,436,12.1,89.0
2024-08-01,General Surgery,South East,4126,2905,245,17.5,70.4
2024-08-01,General Surgery,South West,1869,1549,64,18.4,82.9
2024-08-01,General Surgery,East of England,4607,2749,536,24.7,59.7
2024-08-01,Urology,London,3113,2369,224,18.1,76.1
2024-08-01,Urology,Midlands,1432,1030,184,22.7,71.9
2024-08-01,Urology,North West,1160,787,41,13.7,67.8
2024-08-01,Urology,North East,1730,1520,204,15.1,87.9
2024-08-01,Urology,South East,1677,1397,224,21.4,83.3
2024-08-01,Urology,South West,3323,2360,99,9.7,71.0
2024-08-01,Urology,East of England,3121,2273,49,16.2,72.8
2024-08-01,Gynaecology,London,1283,874,189,10.0,68.1
2024-08-01,Gynaecology,Midlands,2684,1609,345,19.0,59.9
2024-08-01,Gynaecology,North West,1410,1118,56,8.6,79.3
2024-08-01,Gynaecology,North East,1981,1164,103,24.9,58.8
2024-08-01,Gynaecology,South East,2814,1852,195,17.2,65.8
2024-08-01,Gynaecology,South West,2533,2296,230,17.5,90.6
2024-08-01,Gynaecology,East of England,3854,2479,244,23.1,64.3
2024-08-01,ENT,London,3549,2362,327,20.9,66.6
2024-08-01,ENT,Midlands,1132,994,84,17.4,87.8
2024-08-01,ENT,North West,989,848,16,20.4,85.7
2024-08-01,ENT,North East,1599,993,165,18.6,62.1
2024-08-01,ENT,South East,1396,1079,50,12.0,77.3
2024-08-01,ENT,South West,4237,3426,421,17.7,80.9
2024-08-01,ENT,East of England,4313,2799,269,25.4,64.9
2024-08-01,Gastroenterology,London,2709,1824,361,19.5,67.3
2024-08-01,Gastroenterology,Midlands,3439,2418,178,26.9,70.3
2024-08-01,Gastroenterology,North West,4021,2726,546,21.9,67.8
2024-08-01,Gastroenterology,North East,3119,1742,256,16.7,55.9
2024-08-01,Gastroenterology,South East,1995,1718,240,13.3,86.1
2024-08-01,Gastroenterology,South West,2828,2068,188,9.7,73.1
2024-08-01,Gastroenterology,East of England,1647,1465,214,10.4,88.9
2024-08-01,Dermatology,London,4105,3587,103,23.4,87.4
2024-08-01,Dermatology,Midlands,2705,1524,97,22.8,56.3
2024-08-01,Dermatology,North West,1184,1033,98,6.5,87.2
2024-08-01,Dermatology,North East,3616,2400,319,26.5,66.4
2024-08-01,Dermatology,South East,4042,2295,422,23.3,56.8
2024-08-01,Dermatology,South West,1677,1040,206,20.5,62.0
2024-08-01,Dermatology,East of England,1678,1310,80,12.2,78.1
2024-09-01,Orthopaedics,London,3110,1944,311,27.9,62.5
2024-09-01,Orthopaedics,Midlands,2921,2238,180,13.8,76.6
2024-09-01,Orthopaedics,North West,1885,1214,124,23.8,64.4
2024-09-01,Orthopaedics,North East,1253,878,21,18.1,70.1
2024-09-01,Orthopaedics,South East,3836,2996,569,15.6,78.1
2024-09-01,Orthopaedics,South West,2794,1733,162,19.5,62.0
2024-09-01,Orthopaedics,East of England,1871,1268,116,19.4,67.8
2024-09-01,Cardiology,London,1127,975,102,17.4,86.5
2024-09-01,Cardiology,Midlands,3777,2824,331,8.3,74.8
2024-09-01,Cardiology,North West,1172,714,122,17.9,60.9
2024-09-01,Cardiology,North East,4493,3801,374,10.1,84.6
2024-09-01,Cardiology,South East,4741,3234,638,19.1,68.2
2024-09-01,Cardiology,South West,931,551,65,16.1,59.2
2024-09-01,Cardiology,East of England,4310,3888,551,19.1,90.2
2024-09-01,Neurology,London,4008,2498,335,17.8,62.3
2024-09-01,Neurology,Midlands,3676,2851,409,6.6,77.6
2024-09-01,Neurology,North West,4528,3971,56,14.9,87.7
2024-09-01,Neurology,North East,1394,948,103,27.6,68.0
2024-09-01,Neurology,South East,1676,1222,69,17.8,72.9
2024-09-01,Neurology,South West,4190,3101,532,22.2,74.0
2024-09-01,Neurology,East of England,4411,3501,498,26.6,79.4
2024-09-01,Ophthalmology,London,4972,4382,715,25.4,88.1
2024-09-01,Ophthalmology,Midlands,3906,2705,554,25.6,69.3
2024-09-01,Ophthalmology,North West,4720,2748,659,16.0,58.2
2024-09-01,Ophthalmology,North East,2102,1302,180,11.0,61.9
2024-09-01,Ophthalmology,South East,3048,1886,203,22.1,61.9
2024-09-01,Ophthalmology,South West,1944,1205,187,23.1,62.0
2024-09-01,Ophthalmology,East of England,1969,1250,30,19.6,63.5
2024-09-01,General Surgery,London,2815,2248,410,11.6,79.9
2024-09-01,General Surgery,Midlands,4266,3137,185,19.0,73.5
2024-09-01,General Surgery,North West,4295,2938,53,17.5,68.4
2024-09-01,General Surgery,North East,4219,3607,524,23.5,85.5
2024-09-01,General Surgery,South East,1360,945,38,17.2,69.5
2024-09-01,General Surgery,South West,2169,1907,111,26.5,87.9
2024-09-01,General Surgery,East of England,3156,2682,220,21.4,85.0
2024-09-01,Urology,London,2237,1576,260,9.8,70.5
2024-09-01,Urology,Midlands,3362,2127,202,11.1,63.3
2024-09-01,Urology,North West,4239,2950,447,25.6,69.6
2024-09-01,Urology,North East,2564,1614,238,7.5,62.9
2024-09-01,Urology,South East,2322,1881,138,25.6,81.0
2024-09-01,Urology,South West,2005,1581,78,15.2,78.9
2024-09-01,Urology,East of England,2171,1870,108,18.7,86.1
2024-09-01,Gynaecology,London,4559,2762,230,11.1,60.6
2024-09-01,Gynaecology,Midlands,1263,1010,85,8.7,80.0
2024-09-01,Gynaecology,North West,4827,2694,404,11.5,55.8
2024-09-01,Gynaecology,North East,4403,3094,52,22.1,70.3
2024-09-01,Gynaecology,South East,2944,2511,111,18.7,85.3
2024-09-01,Gynaecology,South West,1966,1386,264,15.6,70.5
2024-09-01,Gynaecology,East of England,959,626,36,12.2,65.3
2024-09-01,ENT,London,1133,819,26,23.4,72.3
2024-09-01,ENT,Midlands,2162,1339,121,14.7,61.9
2024-09-01,ENT,North West,4780,2642,330,9.0,55.3
2024-09-01,ENT,North East,3324,2256,121,20.3,67.9
2024-09-01,ENT,South East,3905,2801,315,6.7,71.7
2024-09-01,ENT,South West,3213,2073,276,22.3,64.5
2024-09-01,ENT,East of England,4339,2576,517,14.0,59.4
2024-09-01,Gastroenterology,London,3164,2336,330,19.0,73.8
2024-09-01,Gastroenterology,Midlands,1319,847,118,6.4,64.2
2024-09-01,Gastroenterology,North West,1405,839,99,8.8,59.7
2024-09-01,Gastroenterology,North East,3512,3112,224,26.4,88.6
2024-09-01,Gastroenterology,South East,4227,3636,259,22.7,86.0
2024-09-01,Gastroenterology,South West,2322,1468,332,27.1,63.2
2024-09-01,Gastroenterology,East of England,4015,2412,601,7.1,60.1
2024-09-01,Dermatology,London,3229,2527,221,15.2,78.3
2024-09-01,Dermatology,Midlands,2072,1472,216,15.3,71.0
2024-09-01,Dermatology,North West,1335,898,38,23.9,67.3
2024-09-01,Dermatology,North East,1233,907,145,25.3,73.6
2024-09-01,Dermatology,South East,4133,2933,233,15.0,71.0
2024-09-01,Dermatology,South West,2996,1925,402,22.6,64.3
2024-09-01,Dermatology,East of England,4959,3363,665,20.0,67.8
2024-10-01,Orthopaedics,London,2571,1609,275,22.3,62.6
2024-10-01,Orthopaedics,Midlands,1462,1050,123,17.2,71.8
2024-10-01,Orthopaedics,North West,2304,1984,77,13.0,86.1
2024-10-01,Orthopaedics,North East,4646,3518,425,16.5,75.7
2024-10-01,Orthopaedics,South East,1610,1003,139,27.9,62.3
2024-10-01,Orthopaedics,South West,3051,2577,199,9.4,84.5
2024-10-01,Orthopaedics,East of England,3852,2400,535,15.7,62.3
2024-10-01,Cardiology,London,3446,2174,158,18.4,63.1
2024-10-01,Cardiology,Midlands,2520,2279,296,19.3,90.4
2024-10-01,Cardiology,North West,4291,3922,324,25.1,91.4
2024-10-01,Cardiology,North East,1847,1365,201,10.2,73.9
2024-10-01,Cardiology,South East,1864,1506,115,10.0,80.8
2024-10-01,Cardiology,South West,3505,2062,301,12.9,58.8
2024-10-01,Cardiology,East of England,4579,3344,280,20.2,73.0
2024-10-01,Neurology,London,2690,2203,284,25.9,81.9
2024-10-01,Neurology,Midlands,1925,1332,146,25.1,69.2
2024-10-01,Neurology,North West,1110,618,35,20.1,55.7
2024-10-01,Neurology,North East,3957,3185,76,16.3,80.5
2024-10-01,Neurology,South East,4518,3078,358,25.1,68.1
2024-10-01,Neurology,South West,1051,610,141,16.4,58.0
2024-10-01,Neurology,East of England,2915,1754,302,11.2,60.2
2024-10-01,Ophthalmology,London,1241,690,38,8.0,55.6
2024-10-01,Ophthalmology,Midlands,3121,2642,360,21.3,84.7
2024-10-01,Ophthalmology,North West,4304,2948,269,17.1,68.5
2024-10-01,Ophthalmology,North East,2132,1657,29,26.5,77.7
2024-10-01,Ophthalmology,South East,3907,2409,532,9.7,61.7
2024-10-01,Ophthalmology,South West,3614,2752,475,16.4,76.1
2024-10-01,Ophthalmology,East of England,2685,1720,64,23.8,64.1
2024-10-01,General Surgery,London,2658,2047,154,11.0,77.0
2024-10-01,General Surgery,Midlands,4637,3388,135,26.6,73.1
2024-10-01,General Surgery,North West,1823,1580,233,8.2,86.7
2024-10-01,General Surgery,North East,2798,1598,100,18.3,57.1
2024-10-01,General Surgery,South East,4524,2866,378,8.8,63.4
2024-10-01,General Surgery,South West,1270,972,38,22.8,76.5
2024-10-01,General Surgery,East of England,1675,926,67,24.2,55.3
2024-10-01,Urology,London,1404,1221,35,13.0,87.0
2024-10-01,Urology,Midlands,2036,1548,30,17.3,76.0
2024-10-01,Urology,North West,2317,1577,95,20.1,68.1
2024-10-01,Urology,North East,4745,3431,617,13.5,72.3
2024-10-01,Urology,South East,4566,3352,619,27.3,73.4
2024-10-01,Urology,South West,4626,3863,117,6.6,83.5
2024-10-01,Urology,East of England,3071,2049,432,23.4,66.7
2024-10-01,Gynaecology,London,4060,3707,445,15.2,91.3
2024-10-01,Gynaecology,Midlands,3962,3188,165,6.8,80.5
2024-10-01,Gynaecology,North West,2846,2553,73,21.5,89.7
2024-10-01,Gynaecology,North East,3694,2916,230,22.3,78.9
2024-10-01,Gynaecology,South East,4168,3341,186,19.2,80.2
2024-10-01,Gynaecology,South West,4604,4180,485,12.9,90.8
2024-10-01,Gynaecology,East of England,1900,1277,52,16.5,67.2
2024-10-01,ENT,London,1004,692,132,14.5,68.9
2024-10-01,ENT,Midlands,4114,2520,103,22.5,61.3
2024-10-01,ENT,North West,3481,2834,194,12.4,81.4
2024-10-01,ENT,North East,2550,1477,67,9.9,57.9
2024-10-01,ENT,South East,3122,2319,152,10.6,74.3
2024-10-01,ENT,South West,4463,3154,363,10.7,70.7
2024-10-01,ENT,East of England,1186,1081,24,12.2,91.1
2024-10-01,Gastroenterology,London,4252,3573,573,18.4,84.0
2024-10-01,Gastroenterology,Midlands,4684,2926,402,20.0,62.5
2024-10-01,Gastroenterology,North West,1158,811,48,9.5,70.0
2024-10-01,Gastroenterology,North East,1160,979,135,8.9,84.4
2024-10-01,Gastroenterology,South East,4728,2809,665,12.4,59.4
2024-10-01,Gastroenterology,South West,1040,594,87,17.9,57.1
2024-10-01,Gastroenterology,East of England,3113,2180,408,26.7,70.0
2024-10-01,Dermatology,London,3449,1904,57,9.2,55.2
2024-10-01,Dermatology,Midlands,2549,1414,220,15.3,55.5
2024-10-01,Dermatology,North West,2890,2252,400,16.2,77.9
2024-10-01,Dermatology,North East,807,580,50,18.7,71.9
2024-10-01,Dermatology,South East,4750,4349,640,15.2,91.6
2024-10-01,Dermatology,South West,2597,1883,373,9.4,72.5
2024-10-01,Dermatology,East of England,862,495,106,27.0,57.4
2024-11-01,Orthopaedics,London,1930,1255,28,17.4,65.0
2024-11-01,Orthopaedics,Midlands,3574,2384,341,27.3,66.7
2024-11-01,Orthopaedics,North West,1153,968,40,23.6,84.0
2024-11-01,Orthopaedics,North East,1058,632,84,20.4,59.7
2024-11-01,Orthopaedics,South East,1193,1069,64,9.4,89.6
2024-11-01,Orthopaedics,South West,4653,3620,198,7.8,77.8
2024-11-01,Orthopaedics,East of England,1013,692,116,14.3,68.3
2024-11-01,Cardiology,London,3632,2544,367,13.8,70.0
2024-11-01,Cardiology,Midlands,961,830,133,15.9,86.4
2024-11-01,Cardiology,North West,985,573,111,14.8,58.2
2024-11-01,Cardiology,North East,4319,3520,646,13.7,81.5
2024-11-01,Cardiology,South East,3285,2654,350,13.2,80.8
2024-11-01,Cardiology,South West,3644,2092,527,13.7,57.4
2024-11-01,Cardiology,East of England,2298,2105,177,11.0,91.6
2024-11-01,Neurology,London,3808,3329,123,18.0,87.4
2024-11-01,Neurology,Midlands,1039,929,134,7.5,89.4
2024-11-01,Neurology,North West,4028,3023,148,17.8,75.0
2024-11-01,Neurology,North East,2697,1654,343,6.5,61.3
2024-11-01,Neurology,South East,3520,2432,236,16.7,69.1
2024-11-01,Neurology,South West,4496,3714,76,25.6,82.6
2024-11-01,Neurology,East of England,1329,1213,17,18.0,91.3
2024-11-01,Ophthalmology,London,4523,4121,354,7.3,91.1
2024-11-01,Ophthalmology,Midlands,2800,1737,385,16.3,62.0
2024-11-01,Ophthalmology,North West,993,852,14,11.9,85.8
2024-11-01,Ophthalmology,North East,4220,2440,459,14.7,57.8
2024-11-01,Ophthalmology,South East,4826,2907,716,6.5,60.2
2024-11-01,Ophthalmology,South West,841,533,81,6.3,63.4
2024-11-01,Ophthalmology,East of England,1861,1484,54,20.8,79.7
2024-11-01,General Surgery,London,4797,3996,449,26.4,83.3
2024-11-01,General Surgery,Midlands,1134,995,19,9.0,87.7
2024-11-01,General Surgery,North West,4327,3702,203,22.0,85.6
2024-11-01,General Surgery,North East,1636,902,108,10.1,55.1
2024-11-01,General Surgery,South East,3591,2877,281,6.9,80.1
2024-11-01,General Surgery,South West,4568,3184,316,26.4,69.7
2024-11-01,General Surgery,East of England,2499,1559,335,13.1,62.4
2024-11-01,Urology,London,4638,3998,657,20.4,86.2
2024-11-01,Urology,Midlands,4474,3647,65,14.2,81.5
2024-11-01,Urology,North West,2228,1348,279,12.4,60.5
2024-11-01,Urology,North East,1001,755,50,11.1,75.4
2024-11-01,Urology,South East,873,739,73,21.1,84.7
2024-11-01,Urology,South West,1057,911,39,26.5,86.2
2024-11-01,Urology,East of England,985,809,49,13.0,82.1
2024-11-01,Gynaecology,London,2874,1959,78,7.1,68.2
2024-11-01,Gynaecology,Midlands,3965,3195,457,9.3,80.6
2024-11-01,Gynaecology,North West,2371,1655,66,13.7,69.8
2024-11-01,Gynaecology,North East,3344,2106,365,26.6,63.0
2024-11-01,Gynaecology,South East,3073,1876,63,20.6,61.0
2024-11-01,Gynaecology,South West,1297,850,124,27.5,65.5
2024-11-01,Gynaecology,East of England,4776,4159,309,14.0,87.1
2024-11-01,ENT,London,2074,1167,224,6.5,56.3
2024-11-01,ENT,Midlands,3155,2547,287,21.3,80.7
2024-11-01,ENT,North West,4364,3138,251,16.3,71.9
2024-11-01,ENT,North East,3177,1760,121,27.9,55.4
2024-11-01,ENT,South East,3015,2761,241,10.3,91.6
2024-11-01,ENT,South West,3854,2449,140,11.0,63.5
2024-11-01,ENT,East of England,1587,972,197,14.1,61.2
2024-11-01,Gastroenterology,London,1752,1500,174,25.8,85.6
2024-11-01,Gastroenterology,Midlands,4625,3589,635,23.4,77.6
2024-11-01,Gastroenterology,North West,2089,1207,211,17.6,57.8
2024-11-01,Gastroenterology,North East,3155,2135,202,20.8,67.7
2024-11-01,Gastroenterology,South East,3371,2609,133,19.5,77.4
2024-11-01,Gastroenterology,South West,2005,1638,248,24.8,81.7
2024-11-01,Gastroenterology,East of England,4625,3131,491,17.0,67.7
2024-11-01,Dermatology,London,1704,1162,196,19.7,68.2
2024-11-01,Dermatology,Midlands,4748,4033,318,6.6,84.9
2024-11-01,Dermatology,North West,2572,2229,371,21.1,86.7
2024-11-01,Dermatology,North East,3938,3533,404,24.6,89.7
2024-11-01,Dermatology,South East,2225,1414,196,23.3,63.6
2024-11-01,Dermatology,South West,2965,1951,352,25.7,65.8
2024-11-01,Dermatology,East of England,2960,1722,53,14.2,58.2
2024-12-01,Orthopaedics,London,2115,1390,314,24.0,65.7
2024-12-01,Orthopaedics,Midlands,1421,1062,40,23.5,74.7
2024-12-01,Orthopaedics,North West,3246,2418,266,7.9,74.5
2024-12-01,Orthopaedics,North East,2372,1484,92,9.3,62.6
2024-12-01,Orthopaedics,South East,4134,3091,386,15.1,74.8
2024-12-01,Orthopaedics,South West,3469,1970,396,22.4,56.8
2024-12-01,Orthopaedics,East of England,4540,4083,493,22.6,89.9
2024-12-01,Cardiology,London,1125,782,132,26.7,69.5
2024-12-01,Cardiology,Midlands,1755,1487,243,25.7,84.7
2024-12-01,Cardiology,North West,4054,3426,155,12.7,84.5
2024-12-01,Cardiology,North East,2836,1755,397,19.0,61.9
2024-12-01,Cardiology,South East,4265,3158,234,9.4,74.0
2024-12-01,Cardiology,South West,3932,3231,79,25.7,82.2
2024-12-01,Cardiology,East of England,1826,1136,60,18.7,62.2
2024-12-01,Neurology,London,3771,3182,434,26.7,84.4
2024-12-01,Neurology,Midlands,1253,873,123,24.9,69.7
2024-12-01,Neurology,North West,2243,1651,165,7.7,73.6
2024-12-01,Neurology,North East,2806,2175,53,14.4,77.5
2024-12-01,Neurology,South East,4040,2392,205,8.8,59.2
2024-12-01,Neurology,South West,3360,2556,342,16.2,76.1
2024-12-01,Neurology,East of England,1746,1584,162,23.6,90.7
2024-12-01,Ophthalmology,London,1681,1055,201,21.1,62.8
2024-12-01,Ophthalmology,Midlands,3764,3069,384,18.5,81.5
2024-12-01,Ophthalmology,North West,1788,1560,95,18.0,87.2
2024-12-01,Ophthalmology,North East,4388,3163,307,17.7,72.1
2024-12-01,Ophthalmology,South East,2729,2314,306,16.2,84.8
2024-12-01,Ophthalmology,South West,4019,3278,229,19.7,81.6
2024-12-01,Ophthalmology,East of England,2181,1287,152,16.2,59.0
2024-12-01,General Surgery,London,836,610,31,24.9,73.0
2024-12-01,General Surgery,Midlands,4741,2897,316,25.8,61.1
2024-12-01,General Surgery,North West,1295,1030,50,15.1,79.5
2024-12-01,General Surgery,North East,4600,3926,171,9.2,85.3
2024-12-01,General Surgery,South East,932,777,118,10.4,83.4
2024-12-01,General Surgery,South West,4762,2693,694,23.8,56.6
2024-12-01,General Surgery,East of England,3744,2580,195,8.4,68.9
2024-12-01,Urology,London,2391,1650,256,24.0,69.0
2024-12-01,Urology,Midlands,2927,1644,282,7.2,56.2
2024-12-01,Urology,North West,2642,1836,175,20.3,69.5
2024-12-01,Urology,North East,808,556,120,12.6,68.8
2024-12-01,Urology,South East,909,807,49,24.0,88.8
2024-12-01,Urology,South West,1754,967,204,22.8,55.1
2024-12-01,Urology,East of England,3023,2330,98,12.4,77.1
2024-12-01,Gynaecology,London,4055,3586,141,21.0,88.4
2024-12-01,Gynaecology,Midlands,3947,3125,200,18.9,79.2
2024-12-01,Gynaecology,North West,4687,4055,511,19.7,86.5
2024-12-01,Gynaecology,North East,1544,1135,166,7.6,73.5
2024-12-01,Gynaecology,South East,975,612,68,15.2,62.8
2024-12-01,Gynaecology,South West,2194,1581,310,11.1,72.1
2024-12-01,Gynaecology,East of England,3662,2148,474,6.0,58.7
2024-12-01,ENT,London,4007,2254,406,9.8,56.3
2024-12-01,ENT,Midlands,2793,2299,185,7.6,82.3
2024-12-01,ENT,North West,1416,920,163,18.6,65.0
2024-12-01,ENT,North East,1731,1438,207,26.3,83.1
2024-12-01,ENT,South East,2729,2012,166,11.7,73.7
2024-12-01,ENT,South West,3679,2485,257,14.9,67.5
2024-12-01,ENT,East of England,3581,3185,370,16.4,88.9
2024-12-01,Gastroenterology,London,2856,1634,66,6.8,57.2
2024-12-01,Gastroenterology,Midlands,3416,2405,329,20.6,70.4
2024-12-01,Gastroenterology,North West,4146,3675,527,20.6,88.6
2024-12-01,Gastroenterology,North East,963,691,129,21.3,71.8
2024-12-01,Gastroenterology,South East,2864,1885,249,7.4,65.8
2024-12-01,Gastroenterology,South West,4581,2826,451,19.5,61.7
2024-12-01,Gastroenterology,East of England,3487,2241,216,8.1,64.3
2024-12-01,Dermatology,London,1438,1275,84,8.2,88.7
2024-12-01,Dermatology,Midlands,4710,2648,704,8.2,56.2
2024-12-01,Dermatology,North West,2305,1483,149,20.2,64.3
2024-12-01,Dermatology,North East,1467,983,176,13.5,67.0
2024-12-01,Dermatology,South East,880,770,76,12.3,87.5
2024-12-01,Dermatology,South West,922,742,37,19.5,80.5
2024-12-01,Dermatology,East of England,2194,1405,221,19.6,64.0
